/*
 Navicat Premium Data Transfer

 Source Server         : 192.168.3.206
 Source Server Type    : MySQL
 Source Server Version : 50728
 Source Host           : 192.168.3.206:3306
 Source Schema         : threadx_tms

 Target Server Type    : MySQL
 Target Server Version : 50728
 File Encoding         : 65001

 Date: 11/06/2023 00:08:54
*/

SET NAMES utf8mb4;
SET FOREIGN_KEY_CHECKS = 0;

DROP DATABASE IF EXISTS threadx_tms;
CREATE DATABASE threadx_tms CHARACTER SET utf8mb4 COLLATE utf8mb4_unicode_ci;
USE threadx_tms;

-- ----------------------------
-- Table structure for active_log
-- ----------------------------
DROP TABLE IF EXISTS `active_log`;
CREATE TABLE `active_log` (
                              `id` bigint(64) NOT NULL AUTO_INCREMENT COMMENT '主键',
                              `active_key` varchar(255) COLLATE utf8mb4_unicode_ci NOT NULL COMMENT '活动key标记',
                              `active_log` varchar(255) COLLATE utf8mb4_unicode_ci NOT NULL COMMENT '行为日志',
                              `start_time` bigint(64) NOT NULL COMMENT '活动时间',
                              `end_time` bigint(64) NOT NULL COMMENT '结束时间',
                              `user_id` bigint(64) DEFAULT NULL COMMENT '活跃用户',
                              `browser` varchar(255) COLLATE utf8mb4_unicode_ci DEFAULT NULL COMMENT '浏览器信息',
                              `os` varchar(255) COLLATE utf8mb4_unicode_ci DEFAULT NULL COMMENT '系统信息',
                              `ip_address` varchar(255) COLLATE utf8mb4_unicode_ci DEFAULT NULL COMMENT '访问的ip地址',
                              `operation_time` bigint(64) NOT NULL COMMENT '操作耗时',
                              `result_state` char(1) COLLATE utf8mb4_unicode_ci NOT NULL COMMENT '0 成功  1 失败',
                              `error_message` longtext COLLATE utf8mb4_unicode_ci COMMENT '错误信息',
                              `update_time` bigint(64) NOT NULL COMMENT '修改时间',
                              `create_time` bigint(64) NOT NULL COMMENT '创建时间',
                              `param_data` longtext COLLATE utf8mb4_unicode_ci COMMENT '调用参数',
                              PRIMARY KEY (`id`) USING BTREE
) ENGINE=InnoDB AUTO_INCREMENT=7 DEFAULT CHARSET=utf8mb4 COLLATE=utf8mb4_unicode_ci ROW_FORMAT=DYNAMIC;

-- ----------------------------
-- Records of active_log
-- ----------------------------
BEGIN;
INSERT INTO `active_log` (`id`, `active_key`, `active_log`, `start_time`, `end_time`, `user_id`, `browser`, `os`, `ip_address`, `operation_time`, `result_state`, `error_message`, `update_time`, `create_time`, `param_data`) VALUES (1, '100002', '用户登录', 1690170233008, 1690170233546, 1, 'Chrome 114.0.0.0', 'OS X OS X', '127.0.0.1', 538, '0', NULL, 1690170233008, 1690170233008, 'UserLoginDto: {\"userName\":\"admin\",\"password\":\"123456\"}\n');
INSERT INTO `active_log` (`id`, `active_key`, `active_log`, `start_time`, `end_time`, `user_id`, `browser`, `os`, `ip_address`, `operation_time`, `result_state`, `error_message`, `update_time`, `create_time`, `param_data`) VALUES (2, '100006', '解封用户', 1690170260555, 1690170260673, 1, 'Chrome 114.0.0.0', 'OS X OS X', '127.0.0.1', 118, '0', NULL, 1690170260555, 1690170260555, 'Long: 2\n');
INSERT INTO `active_log` (`id`, `active_key`, `active_log`, `start_time`, `end_time`, `user_id`, `browser`, `os`, `ip_address`, `operation_time`, `result_state`, `error_message`, `update_time`, `create_time`, `param_data`) VALUES (3, '100005', '冻结用户', 1690170262910, 1690170263028, 1, 'Chrome 114.0.0.0', 'OS X OS X', '127.0.0.1', 118, '0', NULL, 1690170262910, 1690170262910, 'Long: 2\n');
INSERT INTO `active_log` (`id`, `active_key`, `active_log`, `start_time`, `end_time`, `user_id`, `browser`, `os`, `ip_address`, `operation_time`, `result_state`, `error_message`, `update_time`, `create_time`, `param_data`) VALUES (4, '100002', '用户登录', 1690170395649, 1690170395855, 1, 'Chrome 114.0.0.0', 'OS X OS X', '127.0.0.1', 206, '0', NULL, 1690170395649, 1690170395649, 'UserLoginDto: {\"userName\":\"admin\",\"password\":\"123456\"}\n');
INSERT INTO `active_log` (`id`, `active_key`, `active_log`, `start_time`, `end_time`, `user_id`, `browser`, `os`, `ip_address`, `operation_time`, `result_state`, `error_message`, `update_time`, `create_time`, `param_data`) VALUES (5, '100003', '用户登出', 1690170708131, 1690170708293, 1, 'Chrome 114.0.0.0', 'OS X OS X', '127.0.0.1', 162, '0', NULL, 1690170708131, 1690170708131, '');
INSERT INTO `active_log` (`id`, `active_key`, `active_log`, `start_time`, `end_time`, `user_id`, `browser`, `os`, `ip_address`, `operation_time`, `result_state`, `error_message`, `update_time`, `create_time`, `param_data`) VALUES (6, '100002', '用户登录', 1690170714109, 1690170714324, 1, 'Chrome 114.0.0.0', 'OS X OS X', '127.0.0.1', 215, '0', NULL, 1690170714109, 1690170714109, 'UserLoginDto: {\"userName\":\"admin\",\"password\":\"123456\"}\n');
COMMIT;

-- ----------------------------
-- Table structure for instance_item
-- ----------------------------
DROP TABLE IF EXISTS `instance_item`;
CREATE TABLE `instance_item` (
                                 `id` bigint(32) NOT NULL AUTO_INCREMENT COMMENT '主键',
                                 `instance_name` varchar(255) CHARACTER SET utf8mb4 COLLATE utf8mb4_unicode_ci NOT NULL COMMENT '实例名称',
                                 `server_id` bigint(32) NOT NULL COMMENT '所属服务的名称',
                                 `server_name` varchar(255) NOT NULL COMMENT '服务名称',
                                 `active_time` bigint(64) NOT NULL COMMENT '活跃时间',
                                 `create_time` bigint(64) NOT NULL COMMENT '创建时间',
                                 `update_time` bigint(64) DEFAULT NULL COMMENT '修改时间',
                                 PRIMARY KEY (`id`) USING BTREE,
                                 KEY `server_id_index` (`server_id`) USING BTREE COMMENT '服务id创建索引'
) ENGINE=InnoDB AUTO_INCREMENT=2 DEFAULT CHARSET=utf8mb4 ROW_FORMAT=DYNAMIC COMMENT='实例名称';

-- ----------------------------
-- Records of instance_item
-- ----------------------------
BEGIN;
INSERT INTO `instance_item` (`id`, `instance_name`, `server_id`, `server_name`, `active_time`, `create_time`, `update_time`) VALUES (1, '测试服务-实例01', 1, '测试服务', 1689236878385, 1689236878385, 1689236878385);
COMMIT;

-- ----------------------------
-- Table structure for menu
-- ----------------------------
DROP TABLE IF EXISTS `menu`;
CREATE TABLE `menu` (
                        `id` bigint(64) NOT NULL AUTO_INCREMENT COMMENT '主键',
                        `menu_name` varchar(255) COLLATE utf8mb4_unicode_ci NOT NULL COMMENT '菜单名称',
                        `menu_url` varchar(255) COLLATE utf8mb4_unicode_ci DEFAULT NULL COMMENT '菜单对应的',
                        `menu_icon` varchar(255) COLLATE utf8mb4_unicode_ci DEFAULT NULL COMMENT '对应的图标',
                        `menu_desc` varchar(255) COLLATE utf8mb4_unicode_ci NOT NULL COMMENT '菜单介绍',
                        `sort` int(12) NOT NULL DEFAULT '0' COMMENT '排序字段',
                        `state` char(1) COLLATE utf8mb4_unicode_ci NOT NULL DEFAULT '0' COMMENT '菜单状态   0  正常   禁用',
                        `update_time` bigint(64) NOT NULL COMMENT '修改时间',
                        `create_time` bigint(64) NOT NULL COMMENT '创建时间',
                        PRIMARY KEY (`id`) USING BTREE
) ENGINE=InnoDB AUTO_INCREMENT=4 DEFAULT CHARSET=utf8mb4 COLLATE=utf8mb4_unicode_ci ROW_FORMAT=DYNAMIC COMMENT='用户菜单';

-- ----------------------------
-- Records of menu
-- ----------------------------
BEGIN;
INSERT INTO `menu` (`id`, `menu_name`, `menu_url`, `menu_icon`, `menu_desc`, `sort`, `state`, `update_time`, `create_time`) VALUES (1, '工作台', '/worktable', 'icon-gongzuotai', '工作台信息', 0, '0', 1685605885371, 1685605885371);
INSERT INTO `menu` (`id`, `menu_name`, `menu_url`, `menu_icon`, `menu_desc`, `sort`, `state`, `update_time`, `create_time`) VALUES (2, '项目', '/servicePage', 'icon-icon-project', '项目信息', 10, '0', 1685605885371, 1685605885371);
INSERT INTO `menu` (`id`, `menu_name`, `menu_url`, `menu_icon`, `menu_desc`, `sort`, `state`, `update_time`, `create_time`) VALUES (3, '用户管理', '/userManager', 'icon-yonghuguanli', '用户管理', 20, '0', 1686205203298, 1686205203298);
COMMIT;

-- ----------------------------
-- Table structure for permission
-- ----------------------------
DROP TABLE IF EXISTS `permission`;
CREATE TABLE `permission` (
                              `id` bigint(64) NOT NULL AUTO_INCREMENT COMMENT '主键',
                              `permission_name` varchar(255) COLLATE utf8mb4_unicode_ci NOT NULL COMMENT '权限名称',
                              `permission_key` varchar(255) COLLATE utf8mb4_unicode_ci NOT NULL COMMENT '权限key',
                              `permission_desc` varchar(255) COLLATE utf8mb4_unicode_ci NOT NULL COMMENT '菜单介绍',
                              `update_time` bigint(64) NOT NULL COMMENT '修改时间',
                              `create_time` bigint(64) NOT NULL COMMENT '创建时间',
                              PRIMARY KEY (`id`) USING BTREE
) ENGINE=InnoDB AUTO_INCREMENT=8 DEFAULT CHARSET=utf8mb4 COLLATE=utf8mb4_unicode_ci ROW_FORMAT=DYNAMIC COMMENT='用户权限';

-- ----------------------------
-- Records of permission
-- ----------------------------
BEGIN;
INSERT INTO `permission` (`id`, `permission_name`, `permission_key`, `permission_desc`, `update_time`, `create_time`) VALUES (1, '添加用户', 'add:user', '管理员添加用户的权限信息', 1685770093193, 1685770093193);
INSERT INTO `permission` (`id`, `permission_name`, `permission_key`, `permission_desc`, `update_time`, `create_time`) VALUES (2, '修改用户信息', 'update:user', '管理员修改用户信息的权限', 1685775482209, 1685775482209);
INSERT INTO `permission` (`id`, `permission_name`, `permission_key`, `permission_desc`, `update_time`, `create_time`) VALUES (3, '查询所有用户信息', 'findAll:user', '管理员查询所有的用户信息的权限', 1689665860546, 1689665860546);
INSERT INTO `permission` (`id`, `permission_name`, `permission_key`, `permission_desc`, `update_time`, `create_time`) VALUES (4, '禁用用户', 'disable:user', '管理员禁用用户', 1689735117790, 1689735117790);
INSERT INTO `permission` (`id`, `permission_name`, `permission_key`, `permission_desc`, `update_time`, `create_time`) VALUES (5, '启用用户', 'enable:user', '管理员启用用户', 1689735146792, 1689735146792);
INSERT INTO `permission` (`id`, `permission_name`, `permission_key`, `permission_desc`, `update_time`, `create_time`) VALUES (6, '强制删除用户', 'force:delete:user', '强制删除用户，以及相关联的所有信息', 1689832529179, 1689832529179);
INSERT INTO `permission` (`id`, `permission_name`, `permission_key`, `permission_desc`, `update_time`, `create_time`) VALUES (7, '查询菜单列表', 'findAll:menu', '查询所有的菜单列表', 1689935409302, 1689935409302);
COMMIT;

-- ----------------------------
-- Table structure for role
-- ----------------------------
DROP TABLE IF EXISTS `role`;
CREATE TABLE `role` (
                        `id` bigint(64) NOT NULL AUTO_INCREMENT COMMENT '主键',
                        `role_name` varchar(255) COLLATE utf8mb4_unicode_ci NOT NULL COMMENT '角色名称',
                        `role_desc` longtext COLLATE utf8mb4_unicode_ci COMMENT '角色解释',
                        `update_time` bigint(64) NOT NULL COMMENT '修改时间',
                        `create_time` bigint(64) NOT NULL COMMENT '创建时间',
                        PRIMARY KEY (`id`)
) ENGINE=InnoDB AUTO_INCREMENT=2 DEFAULT CHARSET=utf8mb4 COLLATE=utf8mb4_unicode_ci;

-- ----------------------------
-- Records of role
-- ----------------------------
BEGIN;
INSERT INTO `role` (`id`, `role_name`, `role_desc`, `update_time`, `create_time`) VALUES (1, '超级管理员', '拥有所有的权限', 1690164464238, 1690164464238);
COMMIT;

-- ----------------------------
-- Table structure for role_menu
-- ----------------------------
DROP TABLE IF EXISTS `role_menu`;
CREATE TABLE `role_menu` (
                             `role_id` bigint(64) NOT NULL COMMENT '角色id',
                             `menu_id` bigint(64) NOT NULL COMMENT '菜单id',
                             PRIMARY KEY (`role_id`,`menu_id`)
) ENGINE=InnoDB DEFAULT CHARSET=utf8mb4 COLLATE=utf8mb4_unicode_ci;

-- ----------------------------
-- Records of role_menu
-- ----------------------------
BEGIN;
INSERT INTO `role_menu` (`role_id`, `menu_id`) VALUES (1, 1);
INSERT INTO `role_menu` (`role_id`, `menu_id`) VALUES (1, 2);
INSERT INTO `role_menu` (`role_id`, `menu_id`) VALUES (1, 3);
COMMIT;

-- ----------------------------
-- Table structure for role_permission
-- ----------------------------
DROP TABLE IF EXISTS `role_permission`;
CREATE TABLE `role_permission` (
                                   `role_id` bigint(64) NOT NULL COMMENT '角色id',
                                   `permission_id` bigint(64) NOT NULL COMMENT '权限id',
                                   PRIMARY KEY (`role_id`,`permission_id`)
) ENGINE=InnoDB DEFAULT CHARSET=utf8mb4 COLLATE=utf8mb4_unicode_ci;

-- ----------------------------
-- Records of role_permission
-- ----------------------------
BEGIN;
INSERT INTO `role_permission` (`role_id`, `permission_id`) VALUES (1, 1);
INSERT INTO `role_permission` (`role_id`, `permission_id`) VALUES (1, 2);
INSERT INTO `role_permission` (`role_id`, `permission_id`) VALUES (1, 3);
INSERT INTO `role_permission` (`role_id`, `permission_id`) VALUES (1, 4);
INSERT INTO `role_permission` (`role_id`, `permission_id`) VALUES (1, 5);
INSERT INTO `role_permission` (`role_id`, `permission_id`) VALUES (1, 6);
INSERT INTO `role_permission` (`role_id`, `permission_id`) VALUES (1, 7);
COMMIT;

-- ----------------------------
-- Table structure for server_item
-- ----------------------------
DROP TABLE IF EXISTS `server_item`;
CREATE TABLE `server_item` (
                               `id` bigint(32) NOT NULL AUTO_INCREMENT,
                               `server_name` varchar(255) CHARACTER SET utf8mb4 COLLATE utf8mb4_unicode_ci NOT NULL COMMENT '服务名称',
                               `create_time` bigint(64) NOT NULL COMMENT '创建时间',
                               `update_time` bigint(64) DEFAULT NULL COMMENT '修改时间',
                               PRIMARY KEY (`id`) USING BTREE
) ENGINE=InnoDB AUTO_INCREMENT=2 DEFAULT CHARSET=utf8mb4 ROW_FORMAT=DYNAMIC COMMENT='记录当前监控的服务';

-- ----------------------------
-- Records of server_item
-- ----------------------------
BEGIN;
INSERT INTO `server_item` (`id`, `server_name`, `create_time`, `update_time`) VALUES (1, '测试服务', 1689236878364, 1689236878364);
COMMIT;

-- ----------------------------
-- Table structure for thread_pool_data
-- ----------------------------
DROP TABLE IF EXISTS `thread_pool_data`;
CREATE TABLE `thread_pool_data` (
                                    `id` bigint(64) NOT NULL AUTO_INCREMENT COMMENT '主键',
                                    `server_key` varchar(255) NOT NULL COMMENT '服务名称',
                                    `instance_key` varchar(255) NOT NULL COMMENT '实例名称',
                                    `address` varchar(255) NOT NULL COMMENT '地址',
                                    `thread_pool_group_name` varchar(255) NOT NULL COMMENT '线程池组的名称',
                                    `thread_pool_name` varchar(255) NOT NULL COMMENT '线程池的名称',
                                    `core_pool_size` int(32) NOT NULL COMMENT '线程池的核心数量',
                                    `maximum_pool_size` int(32) NOT NULL COMMENT '最大可执行任务的线程数',
                                    `active_count` int(32) NOT NULL COMMENT '当前活跃的线程数',
                                    `this_thread_count` int(32) NOT NULL COMMENT '当前线程池的线程数量  包含没有执行任务的线程还没有来得及被销毁的非核心线程',
                                    `largest_pool_size` int(32) NOT NULL COMMENT '曾将达到的最大的线程数 历史信息',
                                    `rejected_count` bigint(64) NOT NULL COMMENT '拒绝执行的次数',
                                    `task_count` bigint(64) NOT NULL COMMENT '堆积的、执行中的、已经完成的任务的总和',
                                    `completed_task_count` bigint(64) NOT NULL COMMENT '已经完成的数量',
                                    `queue_type` varchar(255) DEFAULT NULL COMMENT '队列类型',
                                    `rejected_type` varchar(255) DEFAULT NULL COMMENT '拒绝策略',
                                    `thread_pool_flow` longtext COMMENT '线程池的创建流程（堆栈转化）',
                                    `keep_alive_time` bigint(64) DEFAULT NULL COMMENT '毫秒 线程空闲',
                                    `instance_id` bigint(32) NOT NULL COMMENT '所属实例的id',
                                    `create_time` bigint(64) NOT NULL COMMENT '创建时间',
                                    `update_time` bigint(64) DEFAULT NULL COMMENT '修改时间',
                                    PRIMARY KEY (`id`) USING BTREE,
                                    KEY `instance_id_index` (`instance_id`) USING BTREE COMMENT '对实例id查询建立索引'
) ENGINE=InnoDB AUTO_INCREMENT=37 DEFAULT CHARSET=utf8mb4 ROW_FORMAT=DYNAMIC COMMENT='线程池的监控数据';

-- ----------------------------
-- Records of thread_pool_data
-- ----------------------------
BEGIN;
INSERT INTO `thread_pool_data` (`id`, `server_key`, `instance_key`, `address`, `thread_pool_group_name`, `thread_pool_name`, `core_pool_size`, `maximum_pool_size`, `active_count`, `this_thread_count`, `largest_pool_size`, `rejected_count`, `task_count`, `completed_task_count`, `queue_type`, `rejected_type`, `thread_pool_flow`, `keep_alive_time`, `instance_id`, `create_time`, `update_time`) VALUES (1, '测试服务', '测试服务-实例01', '/127.0.0.1:65309', 'impl.huangfu.utils.ThreadPoolUtils#getThreadPoolExecutor:19', 'impl.huangfu.utils.ThreadPoolUtils#getThreadPoolExecutor:19-138776324', 2, 10, 2, 2, 2, 0, 8, 0, 'java.util.concurrent.ArrayBlockingQueue', 'java.util.concurrent.ThreadPoolExecutor$AbortPolicy', 'impl.huangfu.M2Print#main:18->impl.huangfu.UserController#<init>:10->impl.huangfu.UserService#<clinit>:14->impl.huangfu.utils.ThreadPoolUtils#getThreadPoolExecutor:19', 0, 1, 1689236877955, 1689236877955);
INSERT INTO `thread_pool_data` (`id`, `server_key`, `instance_key`, `address`, `thread_pool_group_name`, `thread_pool_name`, `core_pool_size`, `maximum_pool_size`, `active_count`, `this_thread_count`, `largest_pool_size`, `rejected_count`, `task_count`, `completed_task_count`, `queue_type`, `rejected_type`, `thread_pool_flow`, `keep_alive_time`, `instance_id`, `create_time`, `update_time`) VALUES (2, '测试服务', '测试服务-实例01', '/127.0.0.1:65309', 'impl.huangfu.utils.ThreadPoolUtils#getThreadPoolExecutor:19', 'impl.huangfu.utils.ThreadPoolUtils#getThreadPoolExecutor:19-138776324', 2, 10, 2, 2, 2, 0, 15, 2, 'java.util.concurrent.ArrayBlockingQueue', 'java.util.concurrent.ThreadPoolExecutor$AbortPolicy', 'impl.huangfu.M2Print#main:18->impl.huangfu.UserController#<init>:10->impl.huangfu.UserService#<clinit>:14->impl.huangfu.utils.ThreadPoolUtils#getThreadPoolExecutor:19', 0, 1, 1689236880865, 1689236880865);
INSERT INTO `thread_pool_data` (`id`, `server_key`, `instance_key`, `address`, `thread_pool_group_name`, `thread_pool_name`, `core_pool_size`, `maximum_pool_size`, `active_count`, `this_thread_count`, `largest_pool_size`, `rejected_count`, `task_count`, `completed_task_count`, `queue_type`, `rejected_type`, `thread_pool_flow`, `keep_alive_time`, `instance_id`, `create_time`, `update_time`) VALUES (3, '测试服务', '测试服务-实例01', '/127.0.0.1:65309', 'impl.huangfu.utils.ThreadPoolUtils#getThreadPoolExecutor:19', 'impl.huangfu.utils.ThreadPoolUtils#getThreadPoolExecutor:19-138776324', 2, 10, 2, 2, 2, 0, 23, 2, 'java.util.concurrent.ArrayBlockingQueue', 'java.util.concurrent.ThreadPoolExecutor$AbortPolicy', 'impl.huangfu.M2Print#main:18->impl.huangfu.UserController#<init>:10->impl.huangfu.UserService#<clinit>:14->impl.huangfu.utils.ThreadPoolUtils#getThreadPoolExecutor:19', 0, 1, 1689236883863, 1689236883863);
INSERT INTO `thread_pool_data` (`id`, `server_key`, `instance_key`, `address`, `thread_pool_group_name`, `thread_pool_name`, `core_pool_size`, `maximum_pool_size`, `active_count`, `this_thread_count`, `largest_pool_size`, `rejected_count`, `task_count`, `completed_task_count`, `queue_type`, `rejected_type`, `thread_pool_flow`, `keep_alive_time`, `instance_id`, `create_time`, `update_time`) VALUES (4, '测试服务', '测试服务-实例01', '/127.0.0.1:65309', 'impl.huangfu.utils.ThreadPoolUtils#getThreadPoolExecutor:19', 'impl.huangfu.utils.ThreadPoolUtils#getThreadPoolExecutor:19-138776324', 2, 10, 2, 2, 2, 0, 30, 4, 'java.util.concurrent.ArrayBlockingQueue', 'java.util.concurrent.ThreadPoolExecutor$AbortPolicy', 'impl.huangfu.M2Print#main:18->impl.huangfu.UserController#<init>:10->impl.huangfu.UserService#<clinit>:14->impl.huangfu.utils.ThreadPoolUtils#getThreadPoolExecutor:19', 0, 1, 1689236886871, 1689236886871);
INSERT INTO `thread_pool_data` (`id`, `server_key`, `instance_key`, `address`, `thread_pool_group_name`, `thread_pool_name`, `core_pool_size`, `maximum_pool_size`, `active_count`, `this_thread_count`, `largest_pool_size`, `rejected_count`, `task_count`, `completed_task_count`, `queue_type`, `rejected_type`, `thread_pool_flow`, `keep_alive_time`, `instance_id`, `create_time`, `update_time`) VALUES (5, '测试服务', '测试服务-实例01', '/127.0.0.1:65309', 'impl.huangfu.utils.ThreadPoolUtils#getThreadPoolExecutor:19', 'impl.huangfu.utils.ThreadPoolUtils#getThreadPoolExecutor:19-138776324', 2, 10, 2, 2, 2, 0, 38, 4, 'java.util.concurrent.ArrayBlockingQueue', 'java.util.concurrent.ThreadPoolExecutor$AbortPolicy', 'impl.huangfu.M2Print#main:18->impl.huangfu.UserController#<init>:10->impl.huangfu.UserService#<clinit>:14->impl.huangfu.utils.ThreadPoolUtils#getThreadPoolExecutor:19', 0, 1, 1689236889870, 1689236889870);
INSERT INTO `thread_pool_data` (`id`, `server_key`, `instance_key`, `address`, `thread_pool_group_name`, `thread_pool_name`, `core_pool_size`, `maximum_pool_size`, `active_count`, `this_thread_count`, `largest_pool_size`, `rejected_count`, `task_count`, `completed_task_count`, `queue_type`, `rejected_type`, `thread_pool_flow`, `keep_alive_time`, `instance_id`, `create_time`, `update_time`) VALUES (6, '测试服务', '测试服务-实例01', '/127.0.0.1:65309', 'impl.huangfu.utils.ThreadPoolUtils#getThreadPoolExecutor:19', 'impl.huangfu.utils.ThreadPoolUtils#getThreadPoolExecutor:19-138776324', 2, 10, 2, 2, 2, 0, 45, 6, 'java.util.concurrent.ArrayBlockingQueue', 'java.util.concurrent.ThreadPoolExecutor$AbortPolicy', 'impl.huangfu.M2Print#main:18->impl.huangfu.UserController#<init>:10->impl.huangfu.UserService#<clinit>:14->impl.huangfu.utils.ThreadPoolUtils#getThreadPoolExecutor:19', 0, 1, 1689236892878, 1689236892878);
INSERT INTO `thread_pool_data` (`id`, `server_key`, `instance_key`, `address`, `thread_pool_group_name`, `thread_pool_name`, `core_pool_size`, `maximum_pool_size`, `active_count`, `this_thread_count`, `largest_pool_size`, `rejected_count`, `task_count`, `completed_task_count`, `queue_type`, `rejected_type`, `thread_pool_flow`, `keep_alive_time`, `instance_id`, `create_time`, `update_time`) VALUES (7, '测试服务', '测试服务-实例01', '/127.0.0.1:65309', 'impl.huangfu.utils.ThreadPoolUtils#getThreadPoolExecutor:19', 'impl.huangfu.utils.ThreadPoolUtils#getThreadPoolExecutor:19-138776324', 2, 10, 2, 2, 2, 0, 52, 8, 'java.util.concurrent.ArrayBlockingQueue', 'java.util.concurrent.ThreadPoolExecutor$AbortPolicy', 'impl.huangfu.M2Print#main:18->impl.huangfu.UserController#<init>:10->impl.huangfu.UserService#<clinit>:14->impl.huangfu.utils.ThreadPoolUtils#getThreadPoolExecutor:19', 0, 1, 1689236895875, 1689236895875);
INSERT INTO `thread_pool_data` (`id`, `server_key`, `instance_key`, `address`, `thread_pool_group_name`, `thread_pool_name`, `core_pool_size`, `maximum_pool_size`, `active_count`, `this_thread_count`, `largest_pool_size`, `rejected_count`, `task_count`, `completed_task_count`, `queue_type`, `rejected_type`, `thread_pool_flow`, `keep_alive_time`, `instance_id`, `create_time`, `update_time`) VALUES (8, '测试服务', '测试服务-实例01', '/127.0.0.1:65309', 'impl.huangfu.utils.ThreadPoolUtils#getThreadPoolExecutor:19', 'impl.huangfu.utils.ThreadPoolUtils#getThreadPoolExecutor:19-138776324', 2, 10, 2, 2, 2, 0, 60, 8, 'java.util.concurrent.ArrayBlockingQueue', 'java.util.concurrent.ThreadPoolExecutor$AbortPolicy', 'impl.huangfu.M2Print#main:18->impl.huangfu.UserController#<init>:10->impl.huangfu.UserService#<clinit>:14->impl.huangfu.utils.ThreadPoolUtils#getThreadPoolExecutor:19', 0, 1, 1689236898870, 1689236898870);
INSERT INTO `thread_pool_data` (`id`, `server_key`, `instance_key`, `address`, `thread_pool_group_name`, `thread_pool_name`, `core_pool_size`, `maximum_pool_size`, `active_count`, `this_thread_count`, `largest_pool_size`, `rejected_count`, `task_count`, `completed_task_count`, `queue_type`, `rejected_type`, `thread_pool_flow`, `keep_alive_time`, `instance_id`, `create_time`, `update_time`) VALUES (9, '测试服务', '测试服务-实例01', '/127.0.0.1:65309', 'impl.huangfu.utils.ThreadPoolUtils#getThreadPoolExecutor:19', 'impl.huangfu.utils.ThreadPoolUtils#getThreadPoolExecutor:19-138776324', 2, 10, 2, 2, 2, 0, 67, 10, 'java.util.concurrent.ArrayBlockingQueue', 'java.util.concurrent.ThreadPoolExecutor$AbortPolicy', 'impl.huangfu.M2Print#main:18->impl.huangfu.UserController#<init>:10->impl.huangfu.UserService#<clinit>:14->impl.huangfu.utils.ThreadPoolUtils#getThreadPoolExecutor:19', 0, 1, 1689236901864, 1689236901864);
INSERT INTO `thread_pool_data` (`id`, `server_key`, `instance_key`, `address`, `thread_pool_group_name`, `thread_pool_name`, `core_pool_size`, `maximum_pool_size`, `active_count`, `this_thread_count`, `largest_pool_size`, `rejected_count`, `task_count`, `completed_task_count`, `queue_type`, `rejected_type`, `thread_pool_flow`, `keep_alive_time`, `instance_id`, `create_time`, `update_time`) VALUES (10, '测试服务', '测试服务-实例01', '/127.0.0.1:65309', 'impl.huangfu.utils.ThreadPoolUtils#getThreadPoolExecutor:19', 'impl.huangfu.utils.ThreadPoolUtils#getThreadPoolExecutor:19-138776324', 2, 10, 2, 2, 2, 0, 75, 10, 'java.util.concurrent.ArrayBlockingQueue', 'java.util.concurrent.ThreadPoolExecutor$AbortPolicy', 'impl.huangfu.M2Print#main:18->impl.huangfu.UserController#<init>:10->impl.huangfu.UserService#<clinit>:14->impl.huangfu.utils.ThreadPoolUtils#getThreadPoolExecutor:19', 0, 1, 1689236904866, 1689236904866);
INSERT INTO `thread_pool_data` (`id`, `server_key`, `instance_key`, `address`, `thread_pool_group_name`, `thread_pool_name`, `core_pool_size`, `maximum_pool_size`, `active_count`, `this_thread_count`, `largest_pool_size`, `rejected_count`, `task_count`, `completed_task_count`, `queue_type`, `rejected_type`, `thread_pool_flow`, `keep_alive_time`, `instance_id`, `create_time`, `update_time`) VALUES (11, '测试服务', '测试服务-实例01', '/127.0.0.1:65309', 'impl.huangfu.utils.ThreadPoolUtils#getThreadPoolExecutor:19', 'impl.huangfu.utils.ThreadPoolUtils#getThreadPoolExecutor:19-138776324', 2, 10, 2, 2, 2, 0, 82, 12, 'java.util.concurrent.ArrayBlockingQueue', 'java.util.concurrent.ThreadPoolExecutor$AbortPolicy', 'impl.huangfu.M2Print#main:18->impl.huangfu.UserController#<init>:10->impl.huangfu.UserService#<clinit>:14->impl.huangfu.utils.ThreadPoolUtils#getThreadPoolExecutor:19', 0, 1, 1689236907869, 1689236907869);
INSERT INTO `thread_pool_data` (`id`, `server_key`, `instance_key`, `address`, `thread_pool_group_name`, `thread_pool_name`, `core_pool_size`, `maximum_pool_size`, `active_count`, `this_thread_count`, `largest_pool_size`, `rejected_count`, `task_count`, `completed_task_count`, `queue_type`, `rejected_type`, `thread_pool_flow`, `keep_alive_time`, `instance_id`, `create_time`, `update_time`) VALUES (12, '测试服务', '测试服务-实例01', '/127.0.0.1:65309', 'impl.huangfu.utils.ThreadPoolUtils#getThreadPoolExecutor:19', 'impl.huangfu.utils.ThreadPoolUtils#getThreadPoolExecutor:19-138776324', 2, 10, 2, 2, 2, 0, 90, 14, 'java.util.concurrent.ArrayBlockingQueue', 'java.util.concurrent.ThreadPoolExecutor$AbortPolicy', 'impl.huangfu.M2Print#main:18->impl.huangfu.UserController#<init>:10->impl.huangfu.UserService#<clinit>:14->impl.huangfu.utils.ThreadPoolUtils#getThreadPoolExecutor:19', 0, 1, 1689236910862, 1689236910862);
INSERT INTO `thread_pool_data` (`id`, `server_key`, `instance_key`, `address`, `thread_pool_group_name`, `thread_pool_name`, `core_pool_size`, `maximum_pool_size`, `active_count`, `this_thread_count`, `largest_pool_size`, `rejected_count`, `task_count`, `completed_task_count`, `queue_type`, `rejected_type`, `thread_pool_flow`, `keep_alive_time`, `instance_id`, `create_time`, `update_time`) VALUES (13, '测试服务', '测试服务-实例01', '/127.0.0.1:65309', 'impl.huangfu.utils.ThreadPoolUtils#getThreadPoolExecutor:19', 'impl.huangfu.utils.ThreadPoolUtils#getThreadPoolExecutor:19-138776324', 2, 10, 2, 2, 2, 0, 97, 14, 'java.util.concurrent.ArrayBlockingQueue', 'java.util.concurrent.ThreadPoolExecutor$AbortPolicy', 'impl.huangfu.M2Print#main:18->impl.huangfu.UserController#<init>:10->impl.huangfu.UserService#<clinit>:14->impl.huangfu.utils.ThreadPoolUtils#getThreadPoolExecutor:19', 0, 1, 1689236913864, 1689236913864);
INSERT INTO `thread_pool_data` (`id`, `server_key`, `instance_key`, `address`, `thread_pool_group_name`, `thread_pool_name`, `core_pool_size`, `maximum_pool_size`, `active_count`, `this_thread_count`, `largest_pool_size`, `rejected_count`, `task_count`, `completed_task_count`, `queue_type`, `rejected_type`, `thread_pool_flow`, `keep_alive_time`, `instance_id`, `create_time`, `update_time`) VALUES (14, '测试服务', '测试服务-实例01', '/127.0.0.1:65309', 'impl.huangfu.utils.ThreadPoolUtils#getThreadPoolExecutor:19', 'impl.huangfu.utils.ThreadPoolUtils#getThreadPoolExecutor:19-138776324', 2, 10, 2, 2, 2, 0, 104, 16, 'java.util.concurrent.ArrayBlockingQueue', 'java.util.concurrent.ThreadPoolExecutor$AbortPolicy', 'impl.huangfu.M2Print#main:18->impl.huangfu.UserController#<init>:10->impl.huangfu.UserService#<clinit>:14->impl.huangfu.utils.ThreadPoolUtils#getThreadPoolExecutor:19', 0, 1, 1689236916862, 1689236916862);
INSERT INTO `thread_pool_data` (`id`, `server_key`, `instance_key`, `address`, `thread_pool_group_name`, `thread_pool_name`, `core_pool_size`, `maximum_pool_size`, `active_count`, `this_thread_count`, `largest_pool_size`, `rejected_count`, `task_count`, `completed_task_count`, `queue_type`, `rejected_type`, `thread_pool_flow`, `keep_alive_time`, `instance_id`, `create_time`, `update_time`) VALUES (15, '测试服务', '测试服务-实例01', '/127.0.0.1:65309', 'impl.huangfu.utils.ThreadPoolUtils#getThreadPoolExecutor:19', 'impl.huangfu.utils.ThreadPoolUtils#getThreadPoolExecutor:19-138776324', 2, 10, 2, 2, 2, 0, 112, 16, 'java.util.concurrent.ArrayBlockingQueue', 'java.util.concurrent.ThreadPoolExecutor$AbortPolicy', 'impl.huangfu.M2Print#main:18->impl.huangfu.UserController#<init>:10->impl.huangfu.UserService#<clinit>:14->impl.huangfu.utils.ThreadPoolUtils#getThreadPoolExecutor:19', 0, 1, 1689236919863, 1689236919863);
INSERT INTO `thread_pool_data` (`id`, `server_key`, `instance_key`, `address`, `thread_pool_group_name`, `thread_pool_name`, `core_pool_size`, `maximum_pool_size`, `active_count`, `this_thread_count`, `largest_pool_size`, `rejected_count`, `task_count`, `completed_task_count`, `queue_type`, `rejected_type`, `thread_pool_flow`, `keep_alive_time`, `instance_id`, `create_time`, `update_time`) VALUES (16, '测试服务', '测试服务-实例01', '/127.0.0.1:65309', 'impl.huangfu.utils.ThreadPoolUtils#getThreadPoolExecutor:19', 'impl.huangfu.utils.ThreadPoolUtils#getThreadPoolExecutor:19-138776324', 2, 10, 2, 2, 2, 0, 119, 18, 'java.util.concurrent.ArrayBlockingQueue', 'java.util.concurrent.ThreadPoolExecutor$AbortPolicy', 'impl.huangfu.M2Print#main:18->impl.huangfu.UserController#<init>:10->impl.huangfu.UserService#<clinit>:14->impl.huangfu.utils.ThreadPoolUtils#getThreadPoolExecutor:19', 0, 1, 1689236922881, 1689236922881);
INSERT INTO `thread_pool_data` (`id`, `server_key`, `instance_key`, `address`, `thread_pool_group_name`, `thread_pool_name`, `core_pool_size`, `maximum_pool_size`, `active_count`, `this_thread_count`, `largest_pool_size`, `rejected_count`, `task_count`, `completed_task_count`, `queue_type`, `rejected_type`, `thread_pool_flow`, `keep_alive_time`, `instance_id`, `create_time`, `update_time`) VALUES (17, '测试服务', '测试服务-实例01', '/127.0.0.1:65309', 'impl.huangfu.utils.ThreadPoolUtils#getThreadPoolExecutor:19', 'impl.huangfu.utils.ThreadPoolUtils#getThreadPoolExecutor:19-138776324', 2, 10, 7, 7, 7, 0, 127, 20, 'java.util.concurrent.ArrayBlockingQueue', 'java.util.concurrent.ThreadPoolExecutor$AbortPolicy', 'impl.huangfu.M2Print#main:18->impl.huangfu.UserController#<init>:10->impl.huangfu.UserService#<clinit>:14->impl.huangfu.utils.ThreadPoolUtils#getThreadPoolExecutor:19', 0, 1, 1689236925865, 1689236925865);
INSERT INTO `thread_pool_data` (`id`, `server_key`, `instance_key`, `address`, `thread_pool_group_name`, `thread_pool_name`, `core_pool_size`, `maximum_pool_size`, `active_count`, `this_thread_count`, `largest_pool_size`, `rejected_count`, `task_count`, `completed_task_count`, `queue_type`, `rejected_type`, `thread_pool_flow`, `keep_alive_time`, `instance_id`, `create_time`, `update_time`) VALUES (18, '测试服务', '测试服务-实例01', '/127.0.0.1:65309', 'impl.huangfu.utils.ThreadPoolUtils#getThreadPoolExecutor:19', 'impl.huangfu.utils.ThreadPoolUtils#getThreadPoolExecutor:19-138776324', 2, 10, 10, 10, 10, 1, 130, 22, 'java.util.concurrent.ArrayBlockingQueue', 'java.util.concurrent.ThreadPoolExecutor$AbortPolicy', 'impl.huangfu.M2Print#main:18->impl.huangfu.UserController#<init>:10->impl.huangfu.UserService#<clinit>:14->impl.huangfu.utils.ThreadPoolUtils#getThreadPoolExecutor:19', 0, 1, 1689236928861, 1689236928861);
INSERT INTO `thread_pool_data` (`id`, `server_key`, `instance_key`, `address`, `thread_pool_group_name`, `thread_pool_name`, `core_pool_size`, `maximum_pool_size`, `active_count`, `this_thread_count`, `largest_pool_size`, `rejected_count`, `task_count`, `completed_task_count`, `queue_type`, `rejected_type`, `thread_pool_flow`, `keep_alive_time`, `instance_id`, `create_time`, `update_time`) VALUES (19, '测试服务', '测试服务-实例01', '/127.0.0.1:65309', 'impl.huangfu.utils.ThreadPoolUtils#getThreadPoolExecutor:19', 'impl.huangfu.utils.ThreadPoolUtils#getThreadPoolExecutor:19-138776324', 2, 10, 10, 10, 10, 1, 130, 29, 'java.util.concurrent.ArrayBlockingQueue', 'java.util.concurrent.ThreadPoolExecutor$AbortPolicy', 'impl.huangfu.M2Print#main:18->impl.huangfu.UserController#<init>:10->impl.huangfu.UserService#<clinit>:14->impl.huangfu.utils.ThreadPoolUtils#getThreadPoolExecutor:19', 0, 1, 1689236931865, 1689236931865);
INSERT INTO `thread_pool_data` (`id`, `server_key`, `instance_key`, `address`, `thread_pool_group_name`, `thread_pool_name`, `core_pool_size`, `maximum_pool_size`, `active_count`, `this_thread_count`, `largest_pool_size`, `rejected_count`, `task_count`, `completed_task_count`, `queue_type`, `rejected_type`, `thread_pool_flow`, `keep_alive_time`, `instance_id`, `create_time`, `update_time`) VALUES (20, '测试服务', '测试服务-实例01', '/127.0.0.1:65309', 'impl.huangfu.utils.ThreadPoolUtils#getThreadPoolExecutor:19', 'impl.huangfu.utils.ThreadPoolUtils#getThreadPoolExecutor:19-138776324', 2, 10, 10, 10, 10, 1, 130, 34, 'java.util.concurrent.ArrayBlockingQueue', 'java.util.concurrent.ThreadPoolExecutor$AbortPolicy', 'impl.huangfu.M2Print#main:18->impl.huangfu.UserController#<init>:10->impl.huangfu.UserService#<clinit>:14->impl.huangfu.utils.ThreadPoolUtils#getThreadPoolExecutor:19', 0, 1, 1689236934861, 1689236934861);
INSERT INTO `thread_pool_data` (`id`, `server_key`, `instance_key`, `address`, `thread_pool_group_name`, `thread_pool_name`, `core_pool_size`, `maximum_pool_size`, `active_count`, `this_thread_count`, `largest_pool_size`, `rejected_count`, `task_count`, `completed_task_count`, `queue_type`, `rejected_type`, `thread_pool_flow`, `keep_alive_time`, `instance_id`, `create_time`, `update_time`) VALUES (21, '测试服务', '测试服务-实例01', '/127.0.0.1:65309', 'impl.huangfu.utils.ThreadPoolUtils#getThreadPoolExecutor:19', 'impl.huangfu.utils.ThreadPoolUtils#getThreadPoolExecutor:19-138776324', 2, 10, 10, 10, 10, 1, 130, 40, 'java.util.concurrent.ArrayBlockingQueue', 'java.util.concurrent.ThreadPoolExecutor$AbortPolicy', 'impl.huangfu.M2Print#main:18->impl.huangfu.UserController#<init>:10->impl.huangfu.UserService#<clinit>:14->impl.huangfu.utils.ThreadPoolUtils#getThreadPoolExecutor:19', 0, 1, 1689236937868, 1689236937868);
INSERT INTO `thread_pool_data` (`id`, `server_key`, `instance_key`, `address`, `thread_pool_group_name`, `thread_pool_name`, `core_pool_size`, `maximum_pool_size`, `active_count`, `this_thread_count`, `largest_pool_size`, `rejected_count`, `task_count`, `completed_task_count`, `queue_type`, `rejected_type`, `thread_pool_flow`, `keep_alive_time`, `instance_id`, `create_time`, `update_time`) VALUES (22, '测试服务', '测试服务-实例01', '/127.0.0.1:65309', 'impl.huangfu.utils.ThreadPoolUtils#getThreadPoolExecutor:19', 'impl.huangfu.utils.ThreadPoolUtils#getThreadPoolExecutor:19-138776324', 2, 10, 10, 10, 10, 1, 130, 47, 'java.util.concurrent.ArrayBlockingQueue', 'java.util.concurrent.ThreadPoolExecutor$AbortPolicy', 'impl.huangfu.M2Print#main:18->impl.huangfu.UserController#<init>:10->impl.huangfu.UserService#<clinit>:14->impl.huangfu.utils.ThreadPoolUtils#getThreadPoolExecutor:19', 0, 1, 1689236940858, 1689236940858);
INSERT INTO `thread_pool_data` (`id`, `server_key`, `instance_key`, `address`, `thread_pool_group_name`, `thread_pool_name`, `core_pool_size`, `maximum_pool_size`, `active_count`, `this_thread_count`, `largest_pool_size`, `rejected_count`, `task_count`, `completed_task_count`, `queue_type`, `rejected_type`, `thread_pool_flow`, `keep_alive_time`, `instance_id`, `create_time`, `update_time`) VALUES (23, '测试服务', '测试服务-实例01', '/127.0.0.1:65309', 'impl.huangfu.utils.ThreadPoolUtils#getThreadPoolExecutor:19', 'impl.huangfu.utils.ThreadPoolUtils#getThreadPoolExecutor:19-138776324', 2, 10, 10, 10, 10, 1, 130, 52, 'java.util.concurrent.ArrayBlockingQueue', 'java.util.concurrent.ThreadPoolExecutor$AbortPolicy', 'impl.huangfu.M2Print#main:18->impl.huangfu.UserController#<init>:10->impl.huangfu.UserService#<clinit>:14->impl.huangfu.utils.ThreadPoolUtils#getThreadPoolExecutor:19', 0, 1, 1689236943859, 1689236943859);
INSERT INTO `thread_pool_data` (`id`, `server_key`, `instance_key`, `address`, `thread_pool_group_name`, `thread_pool_name`, `core_pool_size`, `maximum_pool_size`, `active_count`, `this_thread_count`, `largest_pool_size`, `rejected_count`, `task_count`, `completed_task_count`, `queue_type`, `rejected_type`, `thread_pool_flow`, `keep_alive_time`, `instance_id`, `create_time`, `update_time`) VALUES (24, '测试服务', '测试服务-实例01', '/127.0.0.1:65309', 'impl.huangfu.utils.ThreadPoolUtils#getThreadPoolExecutor:19', 'impl.huangfu.utils.ThreadPoolUtils#getThreadPoolExecutor:19-138776324', 2, 10, 10, 10, 10, 1, 130, 59, 'java.util.concurrent.ArrayBlockingQueue', 'java.util.concurrent.ThreadPoolExecutor$AbortPolicy', 'impl.huangfu.M2Print#main:18->impl.huangfu.UserController#<init>:10->impl.huangfu.UserService#<clinit>:14->impl.huangfu.utils.ThreadPoolUtils#getThreadPoolExecutor:19', 0, 1, 1689236946861, 1689236946861);
INSERT INTO `thread_pool_data` (`id`, `server_key`, `instance_key`, `address`, `thread_pool_group_name`, `thread_pool_name`, `core_pool_size`, `maximum_pool_size`, `active_count`, `this_thread_count`, `largest_pool_size`, `rejected_count`, `task_count`, `completed_task_count`, `queue_type`, `rejected_type`, `thread_pool_flow`, `keep_alive_time`, `instance_id`, `create_time`, `update_time`) VALUES (25, '测试服务', '测试服务-实例01', '/127.0.0.1:65309', 'impl.huangfu.utils.ThreadPoolUtils#getThreadPoolExecutor:19', 'impl.huangfu.utils.ThreadPoolUtils#getThreadPoolExecutor:19-138776324', 2, 10, 10, 10, 10, 1, 130, 64, 'java.util.concurrent.ArrayBlockingQueue', 'java.util.concurrent.ThreadPoolExecutor$AbortPolicy', 'impl.huangfu.M2Print#main:18->impl.huangfu.UserController#<init>:10->impl.huangfu.UserService#<clinit>:14->impl.huangfu.utils.ThreadPoolUtils#getThreadPoolExecutor:19', 0, 1, 1689236949861, 1689236949861);
INSERT INTO `thread_pool_data` (`id`, `server_key`, `instance_key`, `address`, `thread_pool_group_name`, `thread_pool_name`, `core_pool_size`, `maximum_pool_size`, `active_count`, `this_thread_count`, `largest_pool_size`, `rejected_count`, `task_count`, `completed_task_count`, `queue_type`, `rejected_type`, `thread_pool_flow`, `keep_alive_time`, `instance_id`, `create_time`, `update_time`) VALUES (26, '测试服务', '测试服务-实例01', '/127.0.0.1:65309', 'impl.huangfu.utils.ThreadPoolUtils#getThreadPoolExecutor:19', 'impl.huangfu.utils.ThreadPoolUtils#getThreadPoolExecutor:19-138776324', 2, 10, 10, 10, 10, 1, 130, 70, 'java.util.concurrent.ArrayBlockingQueue', 'java.util.concurrent.ThreadPoolExecutor$AbortPolicy', 'impl.huangfu.M2Print#main:18->impl.huangfu.UserController#<init>:10->impl.huangfu.UserService#<clinit>:14->impl.huangfu.utils.ThreadPoolUtils#getThreadPoolExecutor:19', 0, 1, 1689236952859, 1689236952859);
INSERT INTO `thread_pool_data` (`id`, `server_key`, `instance_key`, `address`, `thread_pool_group_name`, `thread_pool_name`, `core_pool_size`, `maximum_pool_size`, `active_count`, `this_thread_count`, `largest_pool_size`, `rejected_count`, `task_count`, `completed_task_count`, `queue_type`, `rejected_type`, `thread_pool_flow`, `keep_alive_time`, `instance_id`, `create_time`, `update_time`) VALUES (27, '测试服务', '测试服务-实例01', '/127.0.0.1:65309', 'impl.huangfu.utils.ThreadPoolUtils#getThreadPoolExecutor:19', 'impl.huangfu.utils.ThreadPoolUtils#getThreadPoolExecutor:19-138776324', 2, 10, 10, 10, 10, 1, 130, 77, 'java.util.concurrent.ArrayBlockingQueue', 'java.util.concurrent.ThreadPoolExecutor$AbortPolicy', 'impl.huangfu.M2Print#main:18->impl.huangfu.UserController#<init>:10->impl.huangfu.UserService#<clinit>:14->impl.huangfu.utils.ThreadPoolUtils#getThreadPoolExecutor:19', 0, 1, 1689236955858, 1689236955858);
INSERT INTO `thread_pool_data` (`id`, `server_key`, `instance_key`, `address`, `thread_pool_group_name`, `thread_pool_name`, `core_pool_size`, `maximum_pool_size`, `active_count`, `this_thread_count`, `largest_pool_size`, `rejected_count`, `task_count`, `completed_task_count`, `queue_type`, `rejected_type`, `thread_pool_flow`, `keep_alive_time`, `instance_id`, `create_time`, `update_time`) VALUES (28, '测试服务', '测试服务-实例01', '/127.0.0.1:65309', 'impl.huangfu.utils.ThreadPoolUtils#getThreadPoolExecutor:19', 'impl.huangfu.utils.ThreadPoolUtils#getThreadPoolExecutor:19-138776324', 2, 10, 10, 10, 10, 1, 130, 82, 'java.util.concurrent.ArrayBlockingQueue', 'java.util.concurrent.ThreadPoolExecutor$AbortPolicy', 'impl.huangfu.M2Print#main:18->impl.huangfu.UserController#<init>:10->impl.huangfu.UserService#<clinit>:14->impl.huangfu.utils.ThreadPoolUtils#getThreadPoolExecutor:19', 0, 1, 1689236958857, 1689236958857);
INSERT INTO `thread_pool_data` (`id`, `server_key`, `instance_key`, `address`, `thread_pool_group_name`, `thread_pool_name`, `core_pool_size`, `maximum_pool_size`, `active_count`, `this_thread_count`, `largest_pool_size`, `rejected_count`, `task_count`, `completed_task_count`, `queue_type`, `rejected_type`, `thread_pool_flow`, `keep_alive_time`, `instance_id`, `create_time`, `update_time`) VALUES (29, '测试服务', '测试服务-实例01', '/127.0.0.1:65309', 'impl.huangfu.utils.ThreadPoolUtils#getThreadPoolExecutor:19', 'impl.huangfu.utils.ThreadPoolUtils#getThreadPoolExecutor:19-138776324', 2, 10, 10, 10, 10, 1, 130, 89, 'java.util.concurrent.ArrayBlockingQueue', 'java.util.concurrent.ThreadPoolExecutor$AbortPolicy', 'impl.huangfu.M2Print#main:18->impl.huangfu.UserController#<init>:10->impl.huangfu.UserService#<clinit>:14->impl.huangfu.utils.ThreadPoolUtils#getThreadPoolExecutor:19', 0, 1, 1689236961859, 1689236961859);
INSERT INTO `thread_pool_data` (`id`, `server_key`, `instance_key`, `address`, `thread_pool_group_name`, `thread_pool_name`, `core_pool_size`, `maximum_pool_size`, `active_count`, `this_thread_count`, `largest_pool_size`, `rejected_count`, `task_count`, `completed_task_count`, `queue_type`, `rejected_type`, `thread_pool_flow`, `keep_alive_time`, `instance_id`, `create_time`, `update_time`) VALUES (30, '测试服务', '测试服务-实例01', '/127.0.0.1:65309', 'impl.huangfu.utils.ThreadPoolUtils#getThreadPoolExecutor:19', 'impl.huangfu.utils.ThreadPoolUtils#getThreadPoolExecutor:19-138776324', 2, 10, 10, 10, 10, 1, 130, 94, 'java.util.concurrent.ArrayBlockingQueue', 'java.util.concurrent.ThreadPoolExecutor$AbortPolicy', 'impl.huangfu.M2Print#main:18->impl.huangfu.UserController#<init>:10->impl.huangfu.UserService#<clinit>:14->impl.huangfu.utils.ThreadPoolUtils#getThreadPoolExecutor:19', 0, 1, 1689236964860, 1689236964860);
INSERT INTO `thread_pool_data` (`id`, `server_key`, `instance_key`, `address`, `thread_pool_group_name`, `thread_pool_name`, `core_pool_size`, `maximum_pool_size`, `active_count`, `this_thread_count`, `largest_pool_size`, `rejected_count`, `task_count`, `completed_task_count`, `queue_type`, `rejected_type`, `thread_pool_flow`, `keep_alive_time`, `instance_id`, `create_time`, `update_time`) VALUES (31, '测试服务', '测试服务-实例01', '/127.0.0.1:65309', 'impl.huangfu.utils.ThreadPoolUtils#getThreadPoolExecutor:19', 'impl.huangfu.utils.ThreadPoolUtils#getThreadPoolExecutor:19-138776324', 2, 10, 10, 10, 10, 1, 130, 100, 'java.util.concurrent.ArrayBlockingQueue', 'java.util.concurrent.ThreadPoolExecutor$AbortPolicy', 'impl.huangfu.M2Print#main:18->impl.huangfu.UserController#<init>:10->impl.huangfu.UserService#<clinit>:14->impl.huangfu.utils.ThreadPoolUtils#getThreadPoolExecutor:19', 0, 1, 1689236967859, 1689236967859);
INSERT INTO `thread_pool_data` (`id`, `server_key`, `instance_key`, `address`, `thread_pool_group_name`, `thread_pool_name`, `core_pool_size`, `maximum_pool_size`, `active_count`, `this_thread_count`, `largest_pool_size`, `rejected_count`, `task_count`, `completed_task_count`, `queue_type`, `rejected_type`, `thread_pool_flow`, `keep_alive_time`, `instance_id`, `create_time`, `update_time`) VALUES (32, '测试服务', '测试服务-实例01', '/127.0.0.1:65309', 'impl.huangfu.utils.ThreadPoolUtils#getThreadPoolExecutor:19', 'impl.huangfu.utils.ThreadPoolUtils#getThreadPoolExecutor:19-138776324', 2, 10, 10, 10, 10, 1, 130, 107, 'java.util.concurrent.ArrayBlockingQueue', 'java.util.concurrent.ThreadPoolExecutor$AbortPolicy', 'impl.huangfu.M2Print#main:18->impl.huangfu.UserController#<init>:10->impl.huangfu.UserService#<clinit>:14->impl.huangfu.utils.ThreadPoolUtils#getThreadPoolExecutor:19', 0, 1, 1689236970857, 1689236970857);
INSERT INTO `thread_pool_data` (`id`, `server_key`, `instance_key`, `address`, `thread_pool_group_name`, `thread_pool_name`, `core_pool_size`, `maximum_pool_size`, `active_count`, `this_thread_count`, `largest_pool_size`, `rejected_count`, `task_count`, `completed_task_count`, `queue_type`, `rejected_type`, `thread_pool_flow`, `keep_alive_time`, `instance_id`, `create_time`, `update_time`) VALUES (33, '测试服务', '测试服务-实例01', '/127.0.0.1:65309', 'impl.huangfu.utils.ThreadPoolUtils#getThreadPoolExecutor:19', 'impl.huangfu.utils.ThreadPoolUtils#getThreadPoolExecutor:19-138776324', 2, 10, 10, 10, 10, 1, 130, 112, 'java.util.concurrent.ArrayBlockingQueue', 'java.util.concurrent.ThreadPoolExecutor$AbortPolicy', 'impl.huangfu.M2Print#main:18->impl.huangfu.UserController#<init>:10->impl.huangfu.UserService#<clinit>:14->impl.huangfu.utils.ThreadPoolUtils#getThreadPoolExecutor:19', 0, 1, 1689236973859, 1689236973859);
INSERT INTO `thread_pool_data` (`id`, `server_key`, `instance_key`, `address`, `thread_pool_group_name`, `thread_pool_name`, `core_pool_size`, `maximum_pool_size`, `active_count`, `this_thread_count`, `largest_pool_size`, `rejected_count`, `task_count`, `completed_task_count`, `queue_type`, `rejected_type`, `thread_pool_flow`, `keep_alive_time`, `instance_id`, `create_time`, `update_time`) VALUES (34, '测试服务', '测试服务-实例01', '/127.0.0.1:65309', 'impl.huangfu.utils.ThreadPoolUtils#getThreadPoolExecutor:19', 'impl.huangfu.utils.ThreadPoolUtils#getThreadPoolExecutor:19-138776324', 2, 10, 10, 10, 10, 1, 130, 119, 'java.util.concurrent.ArrayBlockingQueue', 'java.util.concurrent.ThreadPoolExecutor$AbortPolicy', 'impl.huangfu.M2Print#main:18->impl.huangfu.UserController#<init>:10->impl.huangfu.UserService#<clinit>:14->impl.huangfu.utils.ThreadPoolUtils#getThreadPoolExecutor:19', 0, 1, 1689236976862, 1689236976862);
INSERT INTO `thread_pool_data` (`id`, `server_key`, `instance_key`, `address`, `thread_pool_group_name`, `thread_pool_name`, `core_pool_size`, `maximum_pool_size`, `active_count`, `this_thread_count`, `largest_pool_size`, `rejected_count`, `task_count`, `completed_task_count`, `queue_type`, `rejected_type`, `thread_pool_flow`, `keep_alive_time`, `instance_id`, `create_time`, `update_time`) VALUES (35, '测试服务', '测试服务-实例01', '/127.0.0.1:65309', 'impl.huangfu.utils.ThreadPoolUtils#getThreadPoolExecutor:19', 'impl.huangfu.utils.ThreadPoolUtils#getThreadPoolExecutor:19-138776324', 2, 10, 6, 6, 10, 1, 130, 124, 'java.util.concurrent.ArrayBlockingQueue', 'java.util.concurrent.ThreadPoolExecutor$AbortPolicy', 'impl.huangfu.M2Print#main:18->impl.huangfu.UserController#<init>:10->impl.huangfu.UserService#<clinit>:14->impl.huangfu.utils.ThreadPoolUtils#getThreadPoolExecutor:19', 0, 1, 1689236979860, 1689236979860);
INSERT INTO `thread_pool_data` (`id`, `server_key`, `instance_key`, `address`, `thread_pool_group_name`, `thread_pool_name`, `core_pool_size`, `maximum_pool_size`, `active_count`, `this_thread_count`, `largest_pool_size`, `rejected_count`, `task_count`, `completed_task_count`, `queue_type`, `rejected_type`, `thread_pool_flow`, `keep_alive_time`, `instance_id`, `create_time`, `update_time`) VALUES (36, '测试服务', '测试服务-实例01', '/127.0.0.1:65309', 'impl.huangfu.utils.ThreadPoolUtils#getThreadPoolExecutor:19', 'impl.huangfu.utils.ThreadPoolUtils#getThreadPoolExecutor:19-138776324', 2, 10, 0, 2, 10, 1, 130, 130, 'java.util.concurrent.ArrayBlockingQueue', 'java.util.concurrent.ThreadPoolExecutor$AbortPolicy', 'impl.huangfu.M2Print#main:18->impl.huangfu.UserController#<init>:10->impl.huangfu.UserService#<clinit>:14->impl.huangfu.utils.ThreadPoolUtils#getThreadPoolExecutor:19', 0, 1, 1689236982859, 1689236982859);
COMMIT;

-- ----------------------------
-- Table structure for thread_task_data
-- ----------------------------
DROP TABLE IF EXISTS `thread_task_data`;
CREATE TABLE `thread_task_data` (
                                    `id` bigint(64) NOT NULL AUTO_INCREMENT COMMENT '主键',
                                    `server_key` varchar(255) NOT NULL COMMENT '服务名称',
                                    `instance_key` varchar(255) NOT NULL COMMENT '实例名称',
                                    `address` varchar(255) NOT NULL COMMENT '地址',
                                    `thread_pool_group_name` varchar(255) NOT NULL COMMENT '线程池组的名称',
                                    `thread_pool_name` varchar(255) NOT NULL COMMENT '线程池的名称',
                                    `thread_name` varchar(255) DEFAULT NULL COMMENT '被那一个线程执行的',
                                    `submit_time` bigint(64) DEFAULT NULL COMMENT '该时间为任务被提交的时间，只要该任务被加载进线程池，这个时间就会被初始化',
                                    `start_time` bigint(64) DEFAULT NULL COMMENT '任务开始运行的时间，注意，这里的开始时间是任务真正开始运行的时间，不是提交的时间，因为他可能被堆积在队列中',
                                    `end_time` bigint(64) DEFAULT NULL COMMENT '任务的结束时间，无奈他是正常结束，或者是异常，这个时间都会存在，当然，被拒绝的任务不在此列！',
                                    `runIng_consuming_time` bigint(64) DEFAULT NULL COMMENT '任务的执行耗时',
                                    `wait_time` bigint(64) DEFAULT NULL COMMENT '任务等待时间',
                                    `consuming_time` bigint(64) DEFAULT NULL COMMENT '任务总耗时',
                                    `refuse` char(1) DEFAULT NULL COMMENT '0  false  1 true   当任务被拒绝策略执行的时候，该值为true,否则为false!',
                                    `success` char(1) DEFAULT NULL COMMENT '0  false  1 true  任务是否被执行成功，如果中途异常、被拒绝，该值都会被设置为false, 否则为true',
                                    `throwable` longtext COMMENT '任务的异常信息，当没有异常的时候，这个值为空！',
                                    `instance_id` bigint(32) NOT NULL COMMENT '所属实例的id',
                                    `create_time` bigint(64) NOT NULL COMMENT '创建时间',
                                    `update_time` bigint(64) DEFAULT NULL COMMENT '修改时间',
                                    PRIMARY KEY (`id`) USING BTREE,
                                    KEY `instance_id_thread_pool_group_name_thread_pool_nam_success_index` (`instance_id`,`thread_pool_group_name`,`thread_pool_name`,`success`) USING BTREE
) ENGINE=InnoDB AUTO_INCREMENT=132 DEFAULT CHARSET=utf8mb4 ROW_FORMAT=DYNAMIC COMMENT='线程池内任务执行信息';

-- ----------------------------
-- Records of thread_task_data
-- ----------------------------
BEGIN;
INSERT INTO `thread_task_data` (`id`, `server_key`, `instance_key`, `address`, `thread_pool_group_name`, `thread_pool_name`, `thread_name`, `submit_time`, `start_time`, `end_time`, `runIng_consuming_time`, `wait_time`, `consuming_time`, `refuse`, `success`, `throwable`, `instance_id`, `create_time`, `update_time`) VALUES (1, '测试服务', '测试服务-实例01', '/127.0.0.1:65309', 'impl.huangfu.utils.ThreadPoolUtils#getThreadPoolExecutor:19', 'impl.huangfu.utils.ThreadPoolUtils#getThreadPoolExecutor:19-138776324', '测试线程 :0', 1689236874877, 1689236874877, 1689236879883, 5006, 0, 5006, '0', '1', NULL, 1, 1689236879905, 1689236879905);
INSERT INTO `thread_task_data` (`id`, `server_key`, `instance_key`, `address`, `thread_pool_group_name`, `thread_pool_name`, `thread_name`, `submit_time`, `start_time`, `end_time`, `runIng_consuming_time`, `wait_time`, `consuming_time`, `refuse`, `success`, `throwable`, `instance_id`, `create_time`, `update_time`) VALUES (2, '测试服务', '测试服务-实例01', '/127.0.0.1:65309', 'impl.huangfu.utils.ThreadPoolUtils#getThreadPoolExecutor:19', 'impl.huangfu.utils.ThreadPoolUtils#getThreadPoolExecutor:19-138776324', '测试线程 :1', 1689236875283, 1689236875284, 1689236880289, 5005, 1, 5006, '0', '1', NULL, 1, 1689236880306, 1689236880306);
INSERT INTO `thread_task_data` (`id`, `server_key`, `instance_key`, `address`, `thread_pool_group_name`, `thread_pool_name`, `thread_name`, `submit_time`, `start_time`, `end_time`, `runIng_consuming_time`, `wait_time`, `consuming_time`, `refuse`, `success`, `throwable`, `instance_id`, `create_time`, `update_time`) VALUES (3, '测试服务', '测试服务-实例01', '/127.0.0.1:65309', 'impl.huangfu.utils.ThreadPoolUtils#getThreadPoolExecutor:19', 'impl.huangfu.utils.ThreadPoolUtils#getThreadPoolExecutor:19-138776324', '测试线程 :0', 1689236875688, 1689236879885, 1689236884890, 5005, 4197, 9202, '0', '1', NULL, 1, 1689236884902, 1689236884902);
INSERT INTO `thread_task_data` (`id`, `server_key`, `instance_key`, `address`, `thread_pool_group_name`, `thread_pool_name`, `thread_name`, `submit_time`, `start_time`, `end_time`, `runIng_consuming_time`, `wait_time`, `consuming_time`, `refuse`, `success`, `throwable`, `instance_id`, `create_time`, `update_time`) VALUES (4, '测试服务', '测试服务-实例01', '/127.0.0.1:65309', 'impl.huangfu.utils.ThreadPoolUtils#getThreadPoolExecutor:19', 'impl.huangfu.utils.ThreadPoolUtils#getThreadPoolExecutor:19-138776324', '测试线程 :1', 1689236876089, 1689236880292, 1689236885294, 5002, 4203, 9205, '0', '1', NULL, 1, 1689236885301, 1689236885301);
INSERT INTO `thread_task_data` (`id`, `server_key`, `instance_key`, `address`, `thread_pool_group_name`, `thread_pool_name`, `thread_name`, `submit_time`, `start_time`, `end_time`, `runIng_consuming_time`, `wait_time`, `consuming_time`, `refuse`, `success`, `throwable`, `instance_id`, `create_time`, `update_time`) VALUES (5, '测试服务', '测试服务-实例01', '/127.0.0.1:65309', 'impl.huangfu.utils.ThreadPoolUtils#getThreadPoolExecutor:19', 'impl.huangfu.utils.ThreadPoolUtils#getThreadPoolExecutor:19-138776324', '测试线程 :0', 1689236876494, 1689236884892, 1689236889897, 5005, 8398, 13403, '0', '1', NULL, 1, 1689236889901, 1689236889901);
INSERT INTO `thread_task_data` (`id`, `server_key`, `instance_key`, `address`, `thread_pool_group_name`, `thread_pool_name`, `thread_name`, `submit_time`, `start_time`, `end_time`, `runIng_consuming_time`, `wait_time`, `consuming_time`, `refuse`, `success`, `throwable`, `instance_id`, `create_time`, `update_time`) VALUES (6, '测试服务', '测试服务-实例01', '/127.0.0.1:65309', 'impl.huangfu.utils.ThreadPoolUtils#getThreadPoolExecutor:19', 'impl.huangfu.utils.ThreadPoolUtils#getThreadPoolExecutor:19-138776324', '测试线程 :1', 1689236876895, 1689236885295, 1689236890301, 5006, 8400, 13406, '0', '1', NULL, 1, 1689236890309, 1689236890309);
INSERT INTO `thread_task_data` (`id`, `server_key`, `instance_key`, `address`, `thread_pool_group_name`, `thread_pool_name`, `thread_name`, `submit_time`, `start_time`, `end_time`, `runIng_consuming_time`, `wait_time`, `consuming_time`, `refuse`, `success`, `throwable`, `instance_id`, `create_time`, `update_time`) VALUES (7, '测试服务', '测试服务-实例01', '/127.0.0.1:65309', 'impl.huangfu.utils.ThreadPoolUtils#getThreadPoolExecutor:19', 'impl.huangfu.utils.ThreadPoolUtils#getThreadPoolExecutor:19-138776324', '测试线程 :0', 1689236877300, 1689236889897, 1689236894904, 5007, 12597, 17604, '0', '1', NULL, 1, 1689236894912, 1689236894912);
INSERT INTO `thread_task_data` (`id`, `server_key`, `instance_key`, `address`, `thread_pool_group_name`, `thread_pool_name`, `thread_name`, `submit_time`, `start_time`, `end_time`, `runIng_consuming_time`, `wait_time`, `consuming_time`, `refuse`, `success`, `throwable`, `instance_id`, `create_time`, `update_time`) VALUES (8, '测试服务', '测试服务-实例01', '/127.0.0.1:65309', 'impl.huangfu.utils.ThreadPoolUtils#getThreadPoolExecutor:19', 'impl.huangfu.utils.ThreadPoolUtils#getThreadPoolExecutor:19-138776324', '测试线程 :1', 1689236877704, 1689236890301, 1689236895306, 5005, 12597, 17602, '0', '1', NULL, 1, 1689236895314, 1689236895314);
INSERT INTO `thread_task_data` (`id`, `server_key`, `instance_key`, `address`, `thread_pool_group_name`, `thread_pool_name`, `thread_name`, `submit_time`, `start_time`, `end_time`, `runIng_consuming_time`, `wait_time`, `consuming_time`, `refuse`, `success`, `throwable`, `instance_id`, `create_time`, `update_time`) VALUES (9, '测试服务', '测试服务-实例01', '/127.0.0.1:65309', 'impl.huangfu.utils.ThreadPoolUtils#getThreadPoolExecutor:19', 'impl.huangfu.utils.ThreadPoolUtils#getThreadPoolExecutor:19-138776324', '测试线程 :0', 1689236878108, 1689236894904, 1689236899907, 5003, 16796, 21799, '0', '1', NULL, 1, 1689236899912, 1689236899912);
INSERT INTO `thread_task_data` (`id`, `server_key`, `instance_key`, `address`, `thread_pool_group_name`, `thread_pool_name`, `thread_name`, `submit_time`, `start_time`, `end_time`, `runIng_consuming_time`, `wait_time`, `consuming_time`, `refuse`, `success`, `throwable`, `instance_id`, `create_time`, `update_time`) VALUES (10, '测试服务', '测试服务-实例01', '/127.0.0.1:65309', 'impl.huangfu.utils.ThreadPoolUtils#getThreadPoolExecutor:19', 'impl.huangfu.utils.ThreadPoolUtils#getThreadPoolExecutor:19-138776324', '测试线程 :1', 1689236878513, 1689236895306, 1689236900311, 5005, 16793, 21798, '0', '1', NULL, 1, 1689236900317, 1689236900317);
INSERT INTO `thread_task_data` (`id`, `server_key`, `instance_key`, `address`, `thread_pool_group_name`, `thread_pool_name`, `thread_name`, `submit_time`, `start_time`, `end_time`, `runIng_consuming_time`, `wait_time`, `consuming_time`, `refuse`, `success`, `throwable`, `instance_id`, `create_time`, `update_time`) VALUES (11, '测试服务', '测试服务-实例01', '/127.0.0.1:65309', 'impl.huangfu.utils.ThreadPoolUtils#getThreadPoolExecutor:19', 'impl.huangfu.utils.ThreadPoolUtils#getThreadPoolExecutor:19-138776324', '测试线程 :0', 1689236878919, 1689236899907, 1689236904909, 5002, 20988, 25990, '0', '1', NULL, 1, 1689236904914, 1689236904914);
INSERT INTO `thread_task_data` (`id`, `server_key`, `instance_key`, `address`, `thread_pool_group_name`, `thread_pool_name`, `thread_name`, `submit_time`, `start_time`, `end_time`, `runIng_consuming_time`, `wait_time`, `consuming_time`, `refuse`, `success`, `throwable`, `instance_id`, `create_time`, `update_time`) VALUES (12, '测试服务', '测试服务-实例01', '/127.0.0.1:65309', 'impl.huangfu.utils.ThreadPoolUtils#getThreadPoolExecutor:19', 'impl.huangfu.utils.ThreadPoolUtils#getThreadPoolExecutor:19-138776324', '测试线程 :1', 1689236879324, 1689236900312, 1689236905313, 5001, 20988, 25989, '0', '1', NULL, 1, 1689236905325, 1689236905325);
INSERT INTO `thread_task_data` (`id`, `server_key`, `instance_key`, `address`, `thread_pool_group_name`, `thread_pool_name`, `thread_name`, `submit_time`, `start_time`, `end_time`, `runIng_consuming_time`, `wait_time`, `consuming_time`, `refuse`, `success`, `throwable`, `instance_id`, `create_time`, `update_time`) VALUES (13, '测试服务', '测试服务-实例01', '/127.0.0.1:65309', 'impl.huangfu.utils.ThreadPoolUtils#getThreadPoolExecutor:19', 'impl.huangfu.utils.ThreadPoolUtils#getThreadPoolExecutor:19-138776324', '测试线程 :0', 1689236879729, 1689236904909, 1689236909912, 5003, 25180, 30183, '0', '1', NULL, 1, 1689236909924, 1689236909924);
INSERT INTO `thread_task_data` (`id`, `server_key`, `instance_key`, `address`, `thread_pool_group_name`, `thread_pool_name`, `thread_name`, `submit_time`, `start_time`, `end_time`, `runIng_consuming_time`, `wait_time`, `consuming_time`, `refuse`, `success`, `throwable`, `instance_id`, `create_time`, `update_time`) VALUES (14, '测试服务', '测试服务-实例01', '/127.0.0.1:65309', 'impl.huangfu.utils.ThreadPoolUtils#getThreadPoolExecutor:19', 'impl.huangfu.utils.ThreadPoolUtils#getThreadPoolExecutor:19-138776324', '测试线程 :1', 1689236880129, 1689236905315, 1689236910320, 5005, 25186, 30191, '0', '1', NULL, 1, 1689236910333, 1689236910333);
INSERT INTO `thread_task_data` (`id`, `server_key`, `instance_key`, `address`, `thread_pool_group_name`, `thread_pool_name`, `thread_name`, `submit_time`, `start_time`, `end_time`, `runIng_consuming_time`, `wait_time`, `consuming_time`, `refuse`, `success`, `throwable`, `instance_id`, `create_time`, `update_time`) VALUES (15, '测试服务', '测试服务-实例01', '/127.0.0.1:65309', 'impl.huangfu.utils.ThreadPoolUtils#getThreadPoolExecutor:19', 'impl.huangfu.utils.ThreadPoolUtils#getThreadPoolExecutor:19-138776324', '测试线程 :0', 1689236880534, 1689236909912, 1689236914914, 5002, 29378, 34380, '0', '1', NULL, 1, 1689236914926, 1689236914926);
INSERT INTO `thread_task_data` (`id`, `server_key`, `instance_key`, `address`, `thread_pool_group_name`, `thread_pool_name`, `thread_name`, `submit_time`, `start_time`, `end_time`, `runIng_consuming_time`, `wait_time`, `consuming_time`, `refuse`, `success`, `throwable`, `instance_id`, `create_time`, `update_time`) VALUES (16, '测试服务', '测试服务-实例01', '/127.0.0.1:65309', 'impl.huangfu.utils.ThreadPoolUtils#getThreadPoolExecutor:19', 'impl.huangfu.utils.ThreadPoolUtils#getThreadPoolExecutor:19-138776324', '测试线程 :1', 1689236880937, 1689236910328, 1689236915333, 5005, 29391, 34396, '0', '1', NULL, 1, 1689236915346, 1689236915346);
INSERT INTO `thread_task_data` (`id`, `server_key`, `instance_key`, `address`, `thread_pool_group_name`, `thread_pool_name`, `thread_name`, `submit_time`, `start_time`, `end_time`, `runIng_consuming_time`, `wait_time`, `consuming_time`, `refuse`, `success`, `throwable`, `instance_id`, `create_time`, `update_time`) VALUES (17, '测试服务', '测试服务-实例01', '/127.0.0.1:65309', 'impl.huangfu.utils.ThreadPoolUtils#getThreadPoolExecutor:19', 'impl.huangfu.utils.ThreadPoolUtils#getThreadPoolExecutor:19-138776324', '测试线程 :0', 1689236881346, 1689236914916, 1689236919920, 5004, 33570, 38574, '0', '1', NULL, 1, 1689236919928, 1689236919928);
INSERT INTO `thread_task_data` (`id`, `server_key`, `instance_key`, `address`, `thread_pool_group_name`, `thread_pool_name`, `thread_name`, `submit_time`, `start_time`, `end_time`, `runIng_consuming_time`, `wait_time`, `consuming_time`, `refuse`, `success`, `throwable`, `instance_id`, `create_time`, `update_time`) VALUES (18, '测试服务', '测试服务-实例01', '/127.0.0.1:65309', 'impl.huangfu.utils.ThreadPoolUtils#getThreadPoolExecutor:19', 'impl.huangfu.utils.ThreadPoolUtils#getThreadPoolExecutor:19-138776324', '测试线程 :1', 1689236881752, 1689236915333, 1689236920338, 5005, 33581, 38586, '0', '1', NULL, 1, 1689236920341, 1689236920341);
INSERT INTO `thread_task_data` (`id`, `server_key`, `instance_key`, `address`, `thread_pool_group_name`, `thread_pool_name`, `thread_name`, `submit_time`, `start_time`, `end_time`, `runIng_consuming_time`, `wait_time`, `consuming_time`, `refuse`, `success`, `throwable`, `instance_id`, `create_time`, `update_time`) VALUES (19, '测试服务', '测试服务-实例01', '/127.0.0.1:65309', 'impl.huangfu.utils.ThreadPoolUtils#getThreadPoolExecutor:19', 'impl.huangfu.utils.ThreadPoolUtils#getThreadPoolExecutor:19-138776324', '测试线程 :0', 1689236882154, 1689236919924, 1689236924929, 5005, 37770, 42775, '0', '1', NULL, 1, 1689236924942, 1689236924942);
INSERT INTO `thread_task_data` (`id`, `server_key`, `instance_key`, `address`, `thread_pool_group_name`, `thread_pool_name`, `thread_name`, `submit_time`, `start_time`, `end_time`, `runIng_consuming_time`, `wait_time`, `consuming_time`, `refuse`, `success`, `throwable`, `instance_id`, `create_time`, `update_time`) VALUES (20, '测试服务', '测试服务-实例01', '/127.0.0.1:65309', 'impl.huangfu.utils.ThreadPoolUtils#getThreadPoolExecutor:19', 'impl.huangfu.utils.ThreadPoolUtils#getThreadPoolExecutor:19-138776324', '测试线程 :1', 1689236882555, 1689236920339, 1689236925344, 5005, 37784, 42789, '0', '1', NULL, 1, 1689236925351, 1689236925351);
INSERT INTO `thread_task_data` (`id`, `server_key`, `instance_key`, `address`, `thread_pool_group_name`, `thread_pool_name`, `thread_name`, `submit_time`, `start_time`, `end_time`, `runIng_consuming_time`, `wait_time`, `consuming_time`, `refuse`, `success`, `throwable`, `instance_id`, `create_time`, `update_time`) VALUES (21, '测试服务', '测试服务-实例01', '/127.0.0.1:65309', 'impl.huangfu.utils.ThreadPoolUtils#getThreadPoolExecutor:19', 'impl.huangfu.utils.ThreadPoolUtils#getThreadPoolExecutor:19-138776324', NULL, 1689236927415, 1689236927415, 1689236927415, 0, 0, 0, '1', '0', NULL, 1, 1689236927417, 1689236927417);
INSERT INTO `thread_task_data` (`id`, `server_key`, `instance_key`, `address`, `thread_pool_group_name`, `thread_pool_name`, `thread_name`, `submit_time`, `start_time`, `end_time`, `runIng_consuming_time`, `wait_time`, `consuming_time`, `refuse`, `success`, `throwable`, `instance_id`, `create_time`, `update_time`) VALUES (22, '测试服务', '测试服务-实例01', '/127.0.0.1:65309', 'impl.huangfu.utils.ThreadPoolUtils#getThreadPoolExecutor:19', 'impl.huangfu.utils.ThreadPoolUtils#getThreadPoolExecutor:19-138776324', '测试线程 :2', 1689236923366, 1689236923366, 1689236928371, 5005, 0, 5005, '0', '1', NULL, 1, 1689236928377, 1689236928377);
INSERT INTO `thread_task_data` (`id`, `server_key`, `instance_key`, `address`, `thread_pool_group_name`, `thread_pool_name`, `thread_name`, `submit_time`, `start_time`, `end_time`, `runIng_consuming_time`, `wait_time`, `consuming_time`, `refuse`, `success`, `throwable`, `instance_id`, `create_time`, `update_time`) VALUES (23, '测试服务', '测试服务-实例01', '/127.0.0.1:65309', 'impl.huangfu.utils.ThreadPoolUtils#getThreadPoolExecutor:19', 'impl.huangfu.utils.ThreadPoolUtils#getThreadPoolExecutor:19-138776324', '测试线程 :3', 1689236923772, 1689236923774, 1689236928777, 5003, 2, 5005, '0', '1', NULL, 1, 1689236928792, 1689236928792);
INSERT INTO `thread_task_data` (`id`, `server_key`, `instance_key`, `address`, `thread_pool_group_name`, `thread_pool_name`, `thread_name`, `submit_time`, `start_time`, `end_time`, `runIng_consuming_time`, `wait_time`, `consuming_time`, `refuse`, `success`, `throwable`, `instance_id`, `create_time`, `update_time`) VALUES (24, '测试服务', '测试服务-实例01', '/127.0.0.1:65309', 'impl.huangfu.utils.ThreadPoolUtils#getThreadPoolExecutor:19', 'impl.huangfu.utils.ThreadPoolUtils#getThreadPoolExecutor:19-138776324', '测试线程 :4', 1689236924176, 1689236924177, 1689236929179, 5002, 1, 5003, '0', '1', NULL, 1, 1689236929185, 1689236929185);
INSERT INTO `thread_task_data` (`id`, `server_key`, `instance_key`, `address`, `thread_pool_group_name`, `thread_pool_name`, `thread_name`, `submit_time`, `start_time`, `end_time`, `runIng_consuming_time`, `wait_time`, `consuming_time`, `refuse`, `success`, `throwable`, `instance_id`, `create_time`, `update_time`) VALUES (25, '测试服务', '测试服务-实例01', '/127.0.0.1:65309', 'impl.huangfu.utils.ThreadPoolUtils#getThreadPoolExecutor:19', 'impl.huangfu.utils.ThreadPoolUtils#getThreadPoolExecutor:19-138776324', '测试线程 :5', 1689236924581, 1689236924582, 1689236929587, 5005, 1, 5006, '0', '1', NULL, 1, 1689236929592, 1689236929592);
INSERT INTO `thread_task_data` (`id`, `server_key`, `instance_key`, `address`, `thread_pool_group_name`, `thread_pool_name`, `thread_name`, `submit_time`, `start_time`, `end_time`, `runIng_consuming_time`, `wait_time`, `consuming_time`, `refuse`, `success`, `throwable`, `instance_id`, `create_time`, `update_time`) VALUES (26, '测试服务', '测试服务-实例01', '/127.0.0.1:65309', 'impl.huangfu.utils.ThreadPoolUtils#getThreadPoolExecutor:19', 'impl.huangfu.utils.ThreadPoolUtils#getThreadPoolExecutor:19-138776324', '测试线程 :0', 1689236882960, 1689236924930, 1689236929932, 5002, 41970, 46972, '0', '1', NULL, 1, 1689236929937, 1689236929937);
INSERT INTO `thread_task_data` (`id`, `server_key`, `instance_key`, `address`, `thread_pool_group_name`, `thread_pool_name`, `thread_name`, `submit_time`, `start_time`, `end_time`, `runIng_consuming_time`, `wait_time`, `consuming_time`, `refuse`, `success`, `throwable`, `instance_id`, `create_time`, `update_time`) VALUES (27, '测试服务', '测试服务-实例01', '/127.0.0.1:65309', 'impl.huangfu.utils.ThreadPoolUtils#getThreadPoolExecutor:19', 'impl.huangfu.utils.ThreadPoolUtils#getThreadPoolExecutor:19-138776324', '测试线程 :1', 1689236883361, 1689236925348, 1689236930349, 5001, 41987, 46988, '0', '1', NULL, 1, 1689236930354, 1689236930354);
INSERT INTO `thread_task_data` (`id`, `server_key`, `instance_key`, `address`, `thread_pool_group_name`, `thread_pool_name`, `thread_name`, `submit_time`, `start_time`, `end_time`, `runIng_consuming_time`, `wait_time`, `consuming_time`, `refuse`, `success`, `throwable`, `instance_id`, `create_time`, `update_time`) VALUES (28, '测试服务', '测试服务-实例01', '/127.0.0.1:65309', 'impl.huangfu.utils.ThreadPoolUtils#getThreadPoolExecutor:19', 'impl.huangfu.utils.ThreadPoolUtils#getThreadPoolExecutor:19-138776324', '测试线程 :6', 1689236925796, 1689236925797, 1689236930799, 5002, 1, 5003, '0', '1', NULL, 1, 1689236930808, 1689236930808);
INSERT INTO `thread_task_data` (`id`, `server_key`, `instance_key`, `address`, `thread_pool_group_name`, `thread_pool_name`, `thread_name`, `submit_time`, `start_time`, `end_time`, `runIng_consuming_time`, `wait_time`, `consuming_time`, `refuse`, `success`, `throwable`, `instance_id`, `create_time`, `update_time`) VALUES (29, '测试服务', '测试服务-实例01', '/127.0.0.1:65309', 'impl.huangfu.utils.ThreadPoolUtils#getThreadPoolExecutor:19', 'impl.huangfu.utils.ThreadPoolUtils#getThreadPoolExecutor:19-138776324', '测试线程 :7', 1689236926199, 1689236926200, 1689236931204, 5004, 1, 5005, '0', '1', NULL, 1, 1689236931208, 1689236931208);
INSERT INTO `thread_task_data` (`id`, `server_key`, `instance_key`, `address`, `thread_pool_group_name`, `thread_pool_name`, `thread_name`, `submit_time`, `start_time`, `end_time`, `runIng_consuming_time`, `wait_time`, `consuming_time`, `refuse`, `success`, `throwable`, `instance_id`, `create_time`, `update_time`) VALUES (30, '测试服务', '测试服务-实例01', '/127.0.0.1:65309', 'impl.huangfu.utils.ThreadPoolUtils#getThreadPoolExecutor:19', 'impl.huangfu.utils.ThreadPoolUtils#getThreadPoolExecutor:19-138776324', '测试线程 :8', 1689236926604, 1689236926604, 1689236931609, 5005, 0, 5005, '0', '1', NULL, 1, 1689236931614, 1689236931614);
INSERT INTO `thread_task_data` (`id`, `server_key`, `instance_key`, `address`, `thread_pool_group_name`, `thread_pool_name`, `thread_name`, `submit_time`, `start_time`, `end_time`, `runIng_consuming_time`, `wait_time`, `consuming_time`, `refuse`, `success`, `throwable`, `instance_id`, `create_time`, `update_time`) VALUES (31, '测试服务', '测试服务-实例01', '/127.0.0.1:65309', 'impl.huangfu.utils.ThreadPoolUtils#getThreadPoolExecutor:19', 'impl.huangfu.utils.ThreadPoolUtils#getThreadPoolExecutor:19-138776324', '测试线程 :9', 1689236927011, 1689236927012, 1689236932016, 5004, 1, 5005, '0', '1', NULL, 1, 1689236932022, 1689236932022);
INSERT INTO `thread_task_data` (`id`, `server_key`, `instance_key`, `address`, `thread_pool_group_name`, `thread_pool_name`, `thread_name`, `submit_time`, `start_time`, `end_time`, `runIng_consuming_time`, `wait_time`, `consuming_time`, `refuse`, `success`, `throwable`, `instance_id`, `create_time`, `update_time`) VALUES (32, '测试服务', '测试服务-实例01', '/127.0.0.1:65309', 'impl.huangfu.utils.ThreadPoolUtils#getThreadPoolExecutor:19', 'impl.huangfu.utils.ThreadPoolUtils#getThreadPoolExecutor:19-138776324', '测试线程 :2', 1689236883766, 1689236928373, 1689236933374, 5001, 44607, 49608, '0', '1', NULL, 1, 1689236933378, 1689236933378);
INSERT INTO `thread_task_data` (`id`, `server_key`, `instance_key`, `address`, `thread_pool_group_name`, `thread_pool_name`, `thread_name`, `submit_time`, `start_time`, `end_time`, `runIng_consuming_time`, `wait_time`, `consuming_time`, `refuse`, `success`, `throwable`, `instance_id`, `create_time`, `update_time`) VALUES (33, '测试服务', '测试服务-实例01', '/127.0.0.1:65309', 'impl.huangfu.utils.ThreadPoolUtils#getThreadPoolExecutor:19', 'impl.huangfu.utils.ThreadPoolUtils#getThreadPoolExecutor:19-138776324', '测试线程 :3', 1689236884170, 1689236928778, 1689236933779, 5001, 44608, 49609, '0', '1', NULL, 1, 1689236933790, 1689236933790);
INSERT INTO `thread_task_data` (`id`, `server_key`, `instance_key`, `address`, `thread_pool_group_name`, `thread_pool_name`, `thread_name`, `submit_time`, `start_time`, `end_time`, `runIng_consuming_time`, `wait_time`, `consuming_time`, `refuse`, `success`, `throwable`, `instance_id`, `create_time`, `update_time`) VALUES (34, '测试服务', '测试服务-实例01', '/127.0.0.1:65309', 'impl.huangfu.utils.ThreadPoolUtils#getThreadPoolExecutor:19', 'impl.huangfu.utils.ThreadPoolUtils#getThreadPoolExecutor:19-138776324', '测试线程 :4', 1689236884574, 1689236929180, 1689236934182, 5002, 44606, 49608, '0', '1', NULL, 1, 1689236934187, 1689236934187);
INSERT INTO `thread_task_data` (`id`, `server_key`, `instance_key`, `address`, `thread_pool_group_name`, `thread_pool_name`, `thread_name`, `submit_time`, `start_time`, `end_time`, `runIng_consuming_time`, `wait_time`, `consuming_time`, `refuse`, `success`, `throwable`, `instance_id`, `create_time`, `update_time`) VALUES (35, '测试服务', '测试服务-实例01', '/127.0.0.1:65309', 'impl.huangfu.utils.ThreadPoolUtils#getThreadPoolExecutor:19', 'impl.huangfu.utils.ThreadPoolUtils#getThreadPoolExecutor:19-138776324', '测试线程 :5', 1689236884978, 1689236929588, 1689236934591, 5003, 44610, 49613, '0', '1', NULL, 1, 1689236934592, 1689236934592);
INSERT INTO `thread_task_data` (`id`, `server_key`, `instance_key`, `address`, `thread_pool_group_name`, `thread_pool_name`, `thread_name`, `submit_time`, `start_time`, `end_time`, `runIng_consuming_time`, `wait_time`, `consuming_time`, `refuse`, `success`, `throwable`, `instance_id`, `create_time`, `update_time`) VALUES (36, '测试服务', '测试服务-实例01', '/127.0.0.1:65309', 'impl.huangfu.utils.ThreadPoolUtils#getThreadPoolExecutor:19', 'impl.huangfu.utils.ThreadPoolUtils#getThreadPoolExecutor:19-138776324', '测试线程 :0', 1689236885381, 1689236929933, 1689236934938, 5005, 44552, 49557, '0', '1', NULL, 1, 1689236934941, 1689236934941);
INSERT INTO `thread_task_data` (`id`, `server_key`, `instance_key`, `address`, `thread_pool_group_name`, `thread_pool_name`, `thread_name`, `submit_time`, `start_time`, `end_time`, `runIng_consuming_time`, `wait_time`, `consuming_time`, `refuse`, `success`, `throwable`, `instance_id`, `create_time`, `update_time`) VALUES (37, '测试服务', '测试服务-实例01', '/127.0.0.1:65309', 'impl.huangfu.utils.ThreadPoolUtils#getThreadPoolExecutor:19', 'impl.huangfu.utils.ThreadPoolUtils#getThreadPoolExecutor:19-138776324', '测试线程 :1', 1689236885787, 1689236930350, 1689236935350, 5000, 44563, 49563, '0', '1', NULL, 1, 1689236935352, 1689236935352);
INSERT INTO `thread_task_data` (`id`, `server_key`, `instance_key`, `address`, `thread_pool_group_name`, `thread_pool_name`, `thread_name`, `submit_time`, `start_time`, `end_time`, `runIng_consuming_time`, `wait_time`, `consuming_time`, `refuse`, `success`, `throwable`, `instance_id`, `create_time`, `update_time`) VALUES (38, '测试服务', '测试服务-实例01', '/127.0.0.1:65309', 'impl.huangfu.utils.ThreadPoolUtils#getThreadPoolExecutor:19', 'impl.huangfu.utils.ThreadPoolUtils#getThreadPoolExecutor:19-138776324', '测试线程 :6', 1689236886190, 1689236930800, 1689236935807, 5007, 44610, 49617, '0', '1', NULL, 1, 1689236935812, 1689236935812);
INSERT INTO `thread_task_data` (`id`, `server_key`, `instance_key`, `address`, `thread_pool_group_name`, `thread_pool_name`, `thread_name`, `submit_time`, `start_time`, `end_time`, `runIng_consuming_time`, `wait_time`, `consuming_time`, `refuse`, `success`, `throwable`, `instance_id`, `create_time`, `update_time`) VALUES (39, '测试服务', '测试服务-实例01', '/127.0.0.1:65309', 'impl.huangfu.utils.ThreadPoolUtils#getThreadPoolExecutor:19', 'impl.huangfu.utils.ThreadPoolUtils#getThreadPoolExecutor:19-138776324', '测试线程 :7', 1689236886593, 1689236931204, 1689236936207, 5003, 44611, 49614, '0', '1', NULL, 1, 1689236936211, 1689236936211);
INSERT INTO `thread_task_data` (`id`, `server_key`, `instance_key`, `address`, `thread_pool_group_name`, `thread_pool_name`, `thread_name`, `submit_time`, `start_time`, `end_time`, `runIng_consuming_time`, `wait_time`, `consuming_time`, `refuse`, `success`, `throwable`, `instance_id`, `create_time`, `update_time`) VALUES (40, '测试服务', '测试服务-实例01', '/127.0.0.1:65309', 'impl.huangfu.utils.ThreadPoolUtils#getThreadPoolExecutor:19', 'impl.huangfu.utils.ThreadPoolUtils#getThreadPoolExecutor:19-138776324', '测试线程 :8', 1689236886998, 1689236931610, 1689236936615, 5005, 44612, 49617, '0', '1', NULL, 1, 1689236936625, 1689236936625);
INSERT INTO `thread_task_data` (`id`, `server_key`, `instance_key`, `address`, `thread_pool_group_name`, `thread_pool_name`, `thread_name`, `submit_time`, `start_time`, `end_time`, `runIng_consuming_time`, `wait_time`, `consuming_time`, `refuse`, `success`, `throwable`, `instance_id`, `create_time`, `update_time`) VALUES (41, '测试服务', '测试服务-实例01', '/127.0.0.1:65309', 'impl.huangfu.utils.ThreadPoolUtils#getThreadPoolExecutor:19', 'impl.huangfu.utils.ThreadPoolUtils#getThreadPoolExecutor:19-138776324', '测试线程 :9', 1689236887403, 1689236932017, 1689236937022, 5005, 44614, 49619, '0', '1', NULL, 1, 1689236937027, 1689236937027);
INSERT INTO `thread_task_data` (`id`, `server_key`, `instance_key`, `address`, `thread_pool_group_name`, `thread_pool_name`, `thread_name`, `submit_time`, `start_time`, `end_time`, `runIng_consuming_time`, `wait_time`, `consuming_time`, `refuse`, `success`, `throwable`, `instance_id`, `create_time`, `update_time`) VALUES (42, '测试服务', '测试服务-实例01', '/127.0.0.1:65309', 'impl.huangfu.utils.ThreadPoolUtils#getThreadPoolExecutor:19', 'impl.huangfu.utils.ThreadPoolUtils#getThreadPoolExecutor:19-138776324', '测试线程 :2', 1689236887805, 1689236933376, 1689236938382, 5006, 45571, 50577, '0', '1', NULL, 1, 1689236938387, 1689236938387);
INSERT INTO `thread_task_data` (`id`, `server_key`, `instance_key`, `address`, `thread_pool_group_name`, `thread_pool_name`, `thread_name`, `submit_time`, `start_time`, `end_time`, `runIng_consuming_time`, `wait_time`, `consuming_time`, `refuse`, `success`, `throwable`, `instance_id`, `create_time`, `update_time`) VALUES (43, '测试服务', '测试服务-实例01', '/127.0.0.1:65309', 'impl.huangfu.utils.ThreadPoolUtils#getThreadPoolExecutor:19', 'impl.huangfu.utils.ThreadPoolUtils#getThreadPoolExecutor:19-138776324', '测试线程 :3', 1689236888213, 1689236933785, 1689236938790, 5005, 45572, 50577, '0', '1', NULL, 1, 1689236938795, 1689236938795);
INSERT INTO `thread_task_data` (`id`, `server_key`, `instance_key`, `address`, `thread_pool_group_name`, `thread_pool_name`, `thread_name`, `submit_time`, `start_time`, `end_time`, `runIng_consuming_time`, `wait_time`, `consuming_time`, `refuse`, `success`, `throwable`, `instance_id`, `create_time`, `update_time`) VALUES (44, '测试服务', '测试服务-实例01', '/127.0.0.1:65309', 'impl.huangfu.utils.ThreadPoolUtils#getThreadPoolExecutor:19', 'impl.huangfu.utils.ThreadPoolUtils#getThreadPoolExecutor:19-138776324', '测试线程 :4', 1689236888614, 1689236934183, 1689236939189, 5006, 45569, 50575, '0', '1', NULL, 1, 1689236939192, 1689236939192);
INSERT INTO `thread_task_data` (`id`, `server_key`, `instance_key`, `address`, `thread_pool_group_name`, `thread_pool_name`, `thread_name`, `submit_time`, `start_time`, `end_time`, `runIng_consuming_time`, `wait_time`, `consuming_time`, `refuse`, `success`, `throwable`, `instance_id`, `create_time`, `update_time`) VALUES (45, '测试服务', '测试服务-实例01', '/127.0.0.1:65309', 'impl.huangfu.utils.ThreadPoolUtils#getThreadPoolExecutor:19', 'impl.huangfu.utils.ThreadPoolUtils#getThreadPoolExecutor:19-138776324', '测试线程 :5', 1689236889020, 1689236934591, 1689236939597, 5006, 45571, 50577, '0', '1', NULL, 1, 1689236939601, 1689236939601);
INSERT INTO `thread_task_data` (`id`, `server_key`, `instance_key`, `address`, `thread_pool_group_name`, `thread_pool_name`, `thread_name`, `submit_time`, `start_time`, `end_time`, `runIng_consuming_time`, `wait_time`, `consuming_time`, `refuse`, `success`, `throwable`, `instance_id`, `create_time`, `update_time`) VALUES (46, '测试服务', '测试服务-实例01', '/127.0.0.1:65309', 'impl.huangfu.utils.ThreadPoolUtils#getThreadPoolExecutor:19', 'impl.huangfu.utils.ThreadPoolUtils#getThreadPoolExecutor:19-138776324', '测试线程 :0', 1689236889425, 1689236934938, 1689236939943, 5005, 45513, 50518, '0', '1', NULL, 1, 1689236939948, 1689236939948);
INSERT INTO `thread_task_data` (`id`, `server_key`, `instance_key`, `address`, `thread_pool_group_name`, `thread_pool_name`, `thread_name`, `submit_time`, `start_time`, `end_time`, `runIng_consuming_time`, `wait_time`, `consuming_time`, `refuse`, `success`, `throwable`, `instance_id`, `create_time`, `update_time`) VALUES (47, '测试服务', '测试服务-实例01', '/127.0.0.1:65309', 'impl.huangfu.utils.ThreadPoolUtils#getThreadPoolExecutor:19', 'impl.huangfu.utils.ThreadPoolUtils#getThreadPoolExecutor:19-138776324', '测试线程 :1', 1689236889829, 1689236935351, 1689236940356, 5005, 45522, 50527, '0', '1', NULL, 1, 1689236940362, 1689236940362);
INSERT INTO `thread_task_data` (`id`, `server_key`, `instance_key`, `address`, `thread_pool_group_name`, `thread_pool_name`, `thread_name`, `submit_time`, `start_time`, `end_time`, `runIng_consuming_time`, `wait_time`, `consuming_time`, `refuse`, `success`, `throwable`, `instance_id`, `create_time`, `update_time`) VALUES (48, '测试服务', '测试服务-实例01', '/127.0.0.1:65309', 'impl.huangfu.utils.ThreadPoolUtils#getThreadPoolExecutor:19', 'impl.huangfu.utils.ThreadPoolUtils#getThreadPoolExecutor:19-138776324', '测试线程 :6', 1689236890232, 1689236935808, 1689236940813, 5005, 45576, 50581, '0', '1', NULL, 1, 1689236940814, 1689236940814);
INSERT INTO `thread_task_data` (`id`, `server_key`, `instance_key`, `address`, `thread_pool_group_name`, `thread_pool_name`, `thread_name`, `submit_time`, `start_time`, `end_time`, `runIng_consuming_time`, `wait_time`, `consuming_time`, `refuse`, `success`, `throwable`, `instance_id`, `create_time`, `update_time`) VALUES (49, '测试服务', '测试服务-实例01', '/127.0.0.1:65309', 'impl.huangfu.utils.ThreadPoolUtils#getThreadPoolExecutor:19', 'impl.huangfu.utils.ThreadPoolUtils#getThreadPoolExecutor:19-138776324', '测试线程 :7', 1689236890638, 1689236936207, 1689236941212, 5005, 45569, 50574, '0', '1', NULL, 1, 1689236941217, 1689236941217);
INSERT INTO `thread_task_data` (`id`, `server_key`, `instance_key`, `address`, `thread_pool_group_name`, `thread_pool_name`, `thread_name`, `submit_time`, `start_time`, `end_time`, `runIng_consuming_time`, `wait_time`, `consuming_time`, `refuse`, `success`, `throwable`, `instance_id`, `create_time`, `update_time`) VALUES (50, '测试服务', '测试服务-实例01', '/127.0.0.1:65309', 'impl.huangfu.utils.ThreadPoolUtils#getThreadPoolExecutor:19', 'impl.huangfu.utils.ThreadPoolUtils#getThreadPoolExecutor:19-138776324', '测试线程 :8', 1689236891042, 1689236936615, 1689236941620, 5005, 45573, 50578, '0', '1', NULL, 1, 1689236941626, 1689236941626);
INSERT INTO `thread_task_data` (`id`, `server_key`, `instance_key`, `address`, `thread_pool_group_name`, `thread_pool_name`, `thread_name`, `submit_time`, `start_time`, `end_time`, `runIng_consuming_time`, `wait_time`, `consuming_time`, `refuse`, `success`, `throwable`, `instance_id`, `create_time`, `update_time`) VALUES (51, '测试服务', '测试服务-实例01', '/127.0.0.1:65309', 'impl.huangfu.utils.ThreadPoolUtils#getThreadPoolExecutor:19', 'impl.huangfu.utils.ThreadPoolUtils#getThreadPoolExecutor:19-138776324', '测试线程 :9', 1689236891447, 1689236937023, 1689236942025, 5002, 45576, 50578, '0', '1', NULL, 1, 1689236942027, 1689236942027);
INSERT INTO `thread_task_data` (`id`, `server_key`, `instance_key`, `address`, `thread_pool_group_name`, `thread_pool_name`, `thread_name`, `submit_time`, `start_time`, `end_time`, `runIng_consuming_time`, `wait_time`, `consuming_time`, `refuse`, `success`, `throwable`, `instance_id`, `create_time`, `update_time`) VALUES (52, '测试服务', '测试服务-实例01', '/127.0.0.1:65309', 'impl.huangfu.utils.ThreadPoolUtils#getThreadPoolExecutor:19', 'impl.huangfu.utils.ThreadPoolUtils#getThreadPoolExecutor:19-138776324', '测试线程 :2', 1689236891853, 1689236938383, 1689236943388, 5005, 46530, 51535, '0', '1', NULL, 1, 1689236943390, 1689236943390);
INSERT INTO `thread_task_data` (`id`, `server_key`, `instance_key`, `address`, `thread_pool_group_name`, `thread_pool_name`, `thread_name`, `submit_time`, `start_time`, `end_time`, `runIng_consuming_time`, `wait_time`, `consuming_time`, `refuse`, `success`, `throwable`, `instance_id`, `create_time`, `update_time`) VALUES (53, '测试服务', '测试服务-实例01', '/127.0.0.1:65309', 'impl.huangfu.utils.ThreadPoolUtils#getThreadPoolExecutor:19', 'impl.huangfu.utils.ThreadPoolUtils#getThreadPoolExecutor:19-138776324', '测试线程 :3', 1689236892254, 1689236938791, 1689236943796, 5005, 46537, 51542, '0', '1', NULL, 1, 1689236943802, 1689236943802);
INSERT INTO `thread_task_data` (`id`, `server_key`, `instance_key`, `address`, `thread_pool_group_name`, `thread_pool_name`, `thread_name`, `submit_time`, `start_time`, `end_time`, `runIng_consuming_time`, `wait_time`, `consuming_time`, `refuse`, `success`, `throwable`, `instance_id`, `create_time`, `update_time`) VALUES (54, '测试服务', '测试服务-实例01', '/127.0.0.1:65309', 'impl.huangfu.utils.ThreadPoolUtils#getThreadPoolExecutor:19', 'impl.huangfu.utils.ThreadPoolUtils#getThreadPoolExecutor:19-138776324', '测试线程 :4', 1689236892659, 1689236939189, 1689236944193, 5004, 46530, 51534, '0', '1', NULL, 1, 1689236944199, 1689236944199);
INSERT INTO `thread_task_data` (`id`, `server_key`, `instance_key`, `address`, `thread_pool_group_name`, `thread_pool_name`, `thread_name`, `submit_time`, `start_time`, `end_time`, `runIng_consuming_time`, `wait_time`, `consuming_time`, `refuse`, `success`, `throwable`, `instance_id`, `create_time`, `update_time`) VALUES (55, '测试服务', '测试服务-实例01', '/127.0.0.1:65309', 'impl.huangfu.utils.ThreadPoolUtils#getThreadPoolExecutor:19', 'impl.huangfu.utils.ThreadPoolUtils#getThreadPoolExecutor:19-138776324', '测试线程 :5', 1689236893067, 1689236939597, 1689236944601, 5004, 46530, 51534, '0', '1', NULL, 1, 1689236944606, 1689236944606);
INSERT INTO `thread_task_data` (`id`, `server_key`, `instance_key`, `address`, `thread_pool_group_name`, `thread_pool_name`, `thread_name`, `submit_time`, `start_time`, `end_time`, `runIng_consuming_time`, `wait_time`, `consuming_time`, `refuse`, `success`, `throwable`, `instance_id`, `create_time`, `update_time`) VALUES (56, '测试服务', '测试服务-实例01', '/127.0.0.1:65309', 'impl.huangfu.utils.ThreadPoolUtils#getThreadPoolExecutor:19', 'impl.huangfu.utils.ThreadPoolUtils#getThreadPoolExecutor:19-138776324', '测试线程 :0', 1689236893473, 1689236939944, 1689236944949, 5005, 46471, 51476, '0', '1', NULL, 1, 1689236944953, 1689236944953);
INSERT INTO `thread_task_data` (`id`, `server_key`, `instance_key`, `address`, `thread_pool_group_name`, `thread_pool_name`, `thread_name`, `submit_time`, `start_time`, `end_time`, `runIng_consuming_time`, `wait_time`, `consuming_time`, `refuse`, `success`, `throwable`, `instance_id`, `create_time`, `update_time`) VALUES (57, '测试服务', '测试服务-实例01', '/127.0.0.1:65309', 'impl.huangfu.utils.ThreadPoolUtils#getThreadPoolExecutor:19', 'impl.huangfu.utils.ThreadPoolUtils#getThreadPoolExecutor:19-138776324', '测试线程 :1', 1689236893876, 1689236940357, 1689236945360, 5003, 46481, 51484, '0', '1', NULL, 1, 1689236945364, 1689236945364);
INSERT INTO `thread_task_data` (`id`, `server_key`, `instance_key`, `address`, `thread_pool_group_name`, `thread_pool_name`, `thread_name`, `submit_time`, `start_time`, `end_time`, `runIng_consuming_time`, `wait_time`, `consuming_time`, `refuse`, `success`, `throwable`, `instance_id`, `create_time`, `update_time`) VALUES (58, '测试服务', '测试服务-实例01', '/127.0.0.1:65309', 'impl.huangfu.utils.ThreadPoolUtils#getThreadPoolExecutor:19', 'impl.huangfu.utils.ThreadPoolUtils#getThreadPoolExecutor:19-138776324', '测试线程 :6', 1689236894277, 1689236940813, 1689236945818, 5005, 46536, 51541, '0', '1', NULL, 1, 1689236945822, 1689236945822);
INSERT INTO `thread_task_data` (`id`, `server_key`, `instance_key`, `address`, `thread_pool_group_name`, `thread_pool_name`, `thread_name`, `submit_time`, `start_time`, `end_time`, `runIng_consuming_time`, `wait_time`, `consuming_time`, `refuse`, `success`, `throwable`, `instance_id`, `create_time`, `update_time`) VALUES (59, '测试服务', '测试服务-实例01', '/127.0.0.1:65309', 'impl.huangfu.utils.ThreadPoolUtils#getThreadPoolExecutor:19', 'impl.huangfu.utils.ThreadPoolUtils#getThreadPoolExecutor:19-138776324', '测试线程 :7', 1689236894678, 1689236941213, 1689236946218, 5005, 46535, 51540, '0', '1', NULL, 1, 1689236946223, 1689236946223);
INSERT INTO `thread_task_data` (`id`, `server_key`, `instance_key`, `address`, `thread_pool_group_name`, `thread_pool_name`, `thread_name`, `submit_time`, `start_time`, `end_time`, `runIng_consuming_time`, `wait_time`, `consuming_time`, `refuse`, `success`, `throwable`, `instance_id`, `create_time`, `update_time`) VALUES (60, '测试服务', '测试服务-实例01', '/127.0.0.1:65309', 'impl.huangfu.utils.ThreadPoolUtils#getThreadPoolExecutor:19', 'impl.huangfu.utils.ThreadPoolUtils#getThreadPoolExecutor:19-138776324', '测试线程 :8', 1689236895084, 1689236941621, 1689236946624, 5003, 46537, 51540, '0', '1', NULL, 1, 1689236946625, 1689236946625);
INSERT INTO `thread_task_data` (`id`, `server_key`, `instance_key`, `address`, `thread_pool_group_name`, `thread_pool_name`, `thread_name`, `submit_time`, `start_time`, `end_time`, `runIng_consuming_time`, `wait_time`, `consuming_time`, `refuse`, `success`, `throwable`, `instance_id`, `create_time`, `update_time`) VALUES (61, '测试服务', '测试服务-实例01', '/127.0.0.1:65309', 'impl.huangfu.utils.ThreadPoolUtils#getThreadPoolExecutor:19', 'impl.huangfu.utils.ThreadPoolUtils#getThreadPoolExecutor:19-138776324', '测试线程 :9', 1689236895490, 1689236942025, 1689236947031, 5006, 46535, 51541, '0', '1', NULL, 1, 1689236947033, 1689236947033);
INSERT INTO `thread_task_data` (`id`, `server_key`, `instance_key`, `address`, `thread_pool_group_name`, `thread_pool_name`, `thread_name`, `submit_time`, `start_time`, `end_time`, `runIng_consuming_time`, `wait_time`, `consuming_time`, `refuse`, `success`, `throwable`, `instance_id`, `create_time`, `update_time`) VALUES (62, '测试服务', '测试服务-实例01', '/127.0.0.1:65309', 'impl.huangfu.utils.ThreadPoolUtils#getThreadPoolExecutor:19', 'impl.huangfu.utils.ThreadPoolUtils#getThreadPoolExecutor:19-138776324', '测试线程 :2', 1689236895891, 1689236943388, 1689236948393, 5005, 47497, 52502, '0', '1', NULL, 1, 1689236948397, 1689236948397);
INSERT INTO `thread_task_data` (`id`, `server_key`, `instance_key`, `address`, `thread_pool_group_name`, `thread_pool_name`, `thread_name`, `submit_time`, `start_time`, `end_time`, `runIng_consuming_time`, `wait_time`, `consuming_time`, `refuse`, `success`, `throwable`, `instance_id`, `create_time`, `update_time`) VALUES (63, '测试服务', '测试服务-实例01', '/127.0.0.1:65309', 'impl.huangfu.utils.ThreadPoolUtils#getThreadPoolExecutor:19', 'impl.huangfu.utils.ThreadPoolUtils#getThreadPoolExecutor:19-138776324', '测试线程 :3', 1689236896295, 1689236943796, 1689236948802, 5006, 47501, 52507, '0', '1', NULL, 1, 1689236948806, 1689236948806);
INSERT INTO `thread_task_data` (`id`, `server_key`, `instance_key`, `address`, `thread_pool_group_name`, `thread_pool_name`, `thread_name`, `submit_time`, `start_time`, `end_time`, `runIng_consuming_time`, `wait_time`, `consuming_time`, `refuse`, `success`, `throwable`, `instance_id`, `create_time`, `update_time`) VALUES (64, '测试服务', '测试服务-实例01', '/127.0.0.1:65309', 'impl.huangfu.utils.ThreadPoolUtils#getThreadPoolExecutor:19', 'impl.huangfu.utils.ThreadPoolUtils#getThreadPoolExecutor:19-138776324', '测试线程 :4', 1689236896699, 1689236944194, 1689236949197, 5003, 47495, 52498, '0', '1', NULL, 1, 1689236949201, 1689236949201);
INSERT INTO `thread_task_data` (`id`, `server_key`, `instance_key`, `address`, `thread_pool_group_name`, `thread_pool_name`, `thread_name`, `submit_time`, `start_time`, `end_time`, `runIng_consuming_time`, `wait_time`, `consuming_time`, `refuse`, `success`, `throwable`, `instance_id`, `create_time`, `update_time`) VALUES (65, '测试服务', '测试服务-实例01', '/127.0.0.1:65309', 'impl.huangfu.utils.ThreadPoolUtils#getThreadPoolExecutor:19', 'impl.huangfu.utils.ThreadPoolUtils#getThreadPoolExecutor:19-138776324', '测试线程 :5', 1689236897107, 1689236944601, 1689236949606, 5005, 47494, 52499, '0', '1', NULL, 1, 1689236949611, 1689236949611);
INSERT INTO `thread_task_data` (`id`, `server_key`, `instance_key`, `address`, `thread_pool_group_name`, `thread_pool_name`, `thread_name`, `submit_time`, `start_time`, `end_time`, `runIng_consuming_time`, `wait_time`, `consuming_time`, `refuse`, `success`, `throwable`, `instance_id`, `create_time`, `update_time`) VALUES (66, '测试服务', '测试服务-实例01', '/127.0.0.1:65309', 'impl.huangfu.utils.ThreadPoolUtils#getThreadPoolExecutor:19', 'impl.huangfu.utils.ThreadPoolUtils#getThreadPoolExecutor:19-138776324', '测试线程 :0', 1689236897512, 1689236944949, 1689236949951, 5002, 47437, 52439, '0', '1', NULL, 1, 1689236949953, 1689236949953);
INSERT INTO `thread_task_data` (`id`, `server_key`, `instance_key`, `address`, `thread_pool_group_name`, `thread_pool_name`, `thread_name`, `submit_time`, `start_time`, `end_time`, `runIng_consuming_time`, `wait_time`, `consuming_time`, `refuse`, `success`, `throwable`, `instance_id`, `create_time`, `update_time`) VALUES (67, '测试服务', '测试服务-实例01', '/127.0.0.1:65309', 'impl.huangfu.utils.ThreadPoolUtils#getThreadPoolExecutor:19', 'impl.huangfu.utils.ThreadPoolUtils#getThreadPoolExecutor:19-138776324', '测试线程 :1', 1689236897917, 1689236945362, 1689236950367, 5005, 47445, 52450, '0', '1', NULL, 1, 1689236950371, 1689236950371);
INSERT INTO `thread_task_data` (`id`, `server_key`, `instance_key`, `address`, `thread_pool_group_name`, `thread_pool_name`, `thread_name`, `submit_time`, `start_time`, `end_time`, `runIng_consuming_time`, `wait_time`, `consuming_time`, `refuse`, `success`, `throwable`, `instance_id`, `create_time`, `update_time`) VALUES (68, '测试服务', '测试服务-实例01', '/127.0.0.1:65309', 'impl.huangfu.utils.ThreadPoolUtils#getThreadPoolExecutor:19', 'impl.huangfu.utils.ThreadPoolUtils#getThreadPoolExecutor:19-138776324', '测试线程 :6', 1689236898325, 1689236945819, 1689236950823, 5004, 47494, 52498, '0', '1', NULL, 1, 1689236950826, 1689236950826);
INSERT INTO `thread_task_data` (`id`, `server_key`, `instance_key`, `address`, `thread_pool_group_name`, `thread_pool_name`, `thread_name`, `submit_time`, `start_time`, `end_time`, `runIng_consuming_time`, `wait_time`, `consuming_time`, `refuse`, `success`, `throwable`, `instance_id`, `create_time`, `update_time`) VALUES (69, '测试服务', '测试服务-实例01', '/127.0.0.1:65309', 'impl.huangfu.utils.ThreadPoolUtils#getThreadPoolExecutor:19', 'impl.huangfu.utils.ThreadPoolUtils#getThreadPoolExecutor:19-138776324', '测试线程 :7', 1689236898731, 1689236946219, 1689236951223, 5004, 47488, 52492, '0', '1', NULL, 1, 1689236951227, 1689236951227);
INSERT INTO `thread_task_data` (`id`, `server_key`, `instance_key`, `address`, `thread_pool_group_name`, `thread_pool_name`, `thread_name`, `submit_time`, `start_time`, `end_time`, `runIng_consuming_time`, `wait_time`, `consuming_time`, `refuse`, `success`, `throwable`, `instance_id`, `create_time`, `update_time`) VALUES (70, '测试服务', '测试服务-实例01', '/127.0.0.1:65309', 'impl.huangfu.utils.ThreadPoolUtils#getThreadPoolExecutor:19', 'impl.huangfu.utils.ThreadPoolUtils#getThreadPoolExecutor:19-138776324', '测试线程 :8', 1689236899136, 1689236946624, 1689236951629, 5005, 47488, 52493, '0', '1', NULL, 1, 1689236951639, 1689236951639);
INSERT INTO `thread_task_data` (`id`, `server_key`, `instance_key`, `address`, `thread_pool_group_name`, `thread_pool_name`, `thread_name`, `submit_time`, `start_time`, `end_time`, `runIng_consuming_time`, `wait_time`, `consuming_time`, `refuse`, `success`, `throwable`, `instance_id`, `create_time`, `update_time`) VALUES (71, '测试服务', '测试服务-实例01', '/127.0.0.1:65309', 'impl.huangfu.utils.ThreadPoolUtils#getThreadPoolExecutor:19', 'impl.huangfu.utils.ThreadPoolUtils#getThreadPoolExecutor:19-138776324', '测试线程 :9', 1689236899541, 1689236947031, 1689236952034, 5003, 47490, 52493, '0', '1', NULL, 1, 1689236952038, 1689236952038);
INSERT INTO `thread_task_data` (`id`, `server_key`, `instance_key`, `address`, `thread_pool_group_name`, `thread_pool_name`, `thread_name`, `submit_time`, `start_time`, `end_time`, `runIng_consuming_time`, `wait_time`, `consuming_time`, `refuse`, `success`, `throwable`, `instance_id`, `create_time`, `update_time`) VALUES (72, '测试服务', '测试服务-实例01', '/127.0.0.1:65309', 'impl.huangfu.utils.ThreadPoolUtils#getThreadPoolExecutor:19', 'impl.huangfu.utils.ThreadPoolUtils#getThreadPoolExecutor:19-138776324', '测试线程 :2', 1689236899944, 1689236948394, 1689236953398, 5004, 48450, 53454, '0', '1', NULL, 1, 1689236953401, 1689236953401);
INSERT INTO `thread_task_data` (`id`, `server_key`, `instance_key`, `address`, `thread_pool_group_name`, `thread_pool_name`, `thread_name`, `submit_time`, `start_time`, `end_time`, `runIng_consuming_time`, `wait_time`, `consuming_time`, `refuse`, `success`, `throwable`, `instance_id`, `create_time`, `update_time`) VALUES (73, '测试服务', '测试服务-实例01', '/127.0.0.1:65309', 'impl.huangfu.utils.ThreadPoolUtils#getThreadPoolExecutor:19', 'impl.huangfu.utils.ThreadPoolUtils#getThreadPoolExecutor:19-138776324', '测试线程 :3', 1689236900348, 1689236948802, 1689236953807, 5005, 48454, 53459, '0', '1', NULL, 1, 1689236953811, 1689236953811);
INSERT INTO `thread_task_data` (`id`, `server_key`, `instance_key`, `address`, `thread_pool_group_name`, `thread_pool_name`, `thread_name`, `submit_time`, `start_time`, `end_time`, `runIng_consuming_time`, `wait_time`, `consuming_time`, `refuse`, `success`, `throwable`, `instance_id`, `create_time`, `update_time`) VALUES (74, '测试服务', '测试服务-实例01', '/127.0.0.1:65309', 'impl.huangfu.utils.ThreadPoolUtils#getThreadPoolExecutor:19', 'impl.huangfu.utils.ThreadPoolUtils#getThreadPoolExecutor:19-138776324', '测试线程 :4', 1689236900749, 1689236949198, 1689236954202, 5004, 48449, 53453, '0', '1', NULL, 1, 1689236954206, 1689236954206);
INSERT INTO `thread_task_data` (`id`, `server_key`, `instance_key`, `address`, `thread_pool_group_name`, `thread_pool_name`, `thread_name`, `submit_time`, `start_time`, `end_time`, `runIng_consuming_time`, `wait_time`, `consuming_time`, `refuse`, `success`, `throwable`, `instance_id`, `create_time`, `update_time`) VALUES (75, '测试服务', '测试服务-实例01', '/127.0.0.1:65309', 'impl.huangfu.utils.ThreadPoolUtils#getThreadPoolExecutor:19', 'impl.huangfu.utils.ThreadPoolUtils#getThreadPoolExecutor:19-138776324', '测试线程 :5', 1689236901155, 1689236949607, 1689236954612, 5005, 48452, 53457, '0', '1', NULL, 1, 1689236954616, 1689236954616);
INSERT INTO `thread_task_data` (`id`, `server_key`, `instance_key`, `address`, `thread_pool_group_name`, `thread_pool_name`, `thread_name`, `submit_time`, `start_time`, `end_time`, `runIng_consuming_time`, `wait_time`, `consuming_time`, `refuse`, `success`, `throwable`, `instance_id`, `create_time`, `update_time`) VALUES (76, '测试服务', '测试服务-实例01', '/127.0.0.1:65309', 'impl.huangfu.utils.ThreadPoolUtils#getThreadPoolExecutor:19', 'impl.huangfu.utils.ThreadPoolUtils#getThreadPoolExecutor:19-138776324', '测试线程 :0', 1689236901560, 1689236949951, 1689236954956, 5005, 48391, 53396, '0', '1', NULL, 1, 1689236954962, 1689236954962);
INSERT INTO `thread_task_data` (`id`, `server_key`, `instance_key`, `address`, `thread_pool_group_name`, `thread_pool_name`, `thread_name`, `submit_time`, `start_time`, `end_time`, `runIng_consuming_time`, `wait_time`, `consuming_time`, `refuse`, `success`, `throwable`, `instance_id`, `create_time`, `update_time`) VALUES (77, '测试服务', '测试服务-实例01', '/127.0.0.1:65309', 'impl.huangfu.utils.ThreadPoolUtils#getThreadPoolExecutor:19', 'impl.huangfu.utils.ThreadPoolUtils#getThreadPoolExecutor:19-138776324', '测试线程 :1', 1689236901962, 1689236950368, 1689236955372, 5004, 48406, 53410, '0', '1', NULL, 1, 1689236955374, 1689236955374);
INSERT INTO `thread_task_data` (`id`, `server_key`, `instance_key`, `address`, `thread_pool_group_name`, `thread_pool_name`, `thread_name`, `submit_time`, `start_time`, `end_time`, `runIng_consuming_time`, `wait_time`, `consuming_time`, `refuse`, `success`, `throwable`, `instance_id`, `create_time`, `update_time`) VALUES (78, '测试服务', '测试服务-实例01', '/127.0.0.1:65309', 'impl.huangfu.utils.ThreadPoolUtils#getThreadPoolExecutor:19', 'impl.huangfu.utils.ThreadPoolUtils#getThreadPoolExecutor:19-138776324', '测试线程 :6', 1689236902365, 1689236950823, 1689236955825, 5002, 48458, 53460, '0', '1', NULL, 1, 1689236955829, 1689236955829);
INSERT INTO `thread_task_data` (`id`, `server_key`, `instance_key`, `address`, `thread_pool_group_name`, `thread_pool_name`, `thread_name`, `submit_time`, `start_time`, `end_time`, `runIng_consuming_time`, `wait_time`, `consuming_time`, `refuse`, `success`, `throwable`, `instance_id`, `create_time`, `update_time`) VALUES (79, '测试服务', '测试服务-实例01', '/127.0.0.1:65309', 'impl.huangfu.utils.ThreadPoolUtils#getThreadPoolExecutor:19', 'impl.huangfu.utils.ThreadPoolUtils#getThreadPoolExecutor:19-138776324', '测试线程 :7', 1689236902766, 1689236951224, 1689236956229, 5005, 48458, 53463, '0', '1', NULL, 1, 1689236956233, 1689236956233);
INSERT INTO `thread_task_data` (`id`, `server_key`, `instance_key`, `address`, `thread_pool_group_name`, `thread_pool_name`, `thread_name`, `submit_time`, `start_time`, `end_time`, `runIng_consuming_time`, `wait_time`, `consuming_time`, `refuse`, `success`, `throwable`, `instance_id`, `create_time`, `update_time`) VALUES (80, '测试服务', '测试服务-实例01', '/127.0.0.1:65309', 'impl.huangfu.utils.ThreadPoolUtils#getThreadPoolExecutor:19', 'impl.huangfu.utils.ThreadPoolUtils#getThreadPoolExecutor:19-138776324', '测试线程 :8', 1689236903171, 1689236951630, 1689236956631, 5001, 48459, 53460, '0', '1', NULL, 1, 1689236956635, 1689236956635);
INSERT INTO `thread_task_data` (`id`, `server_key`, `instance_key`, `address`, `thread_pool_group_name`, `thread_pool_name`, `thread_name`, `submit_time`, `start_time`, `end_time`, `runIng_consuming_time`, `wait_time`, `consuming_time`, `refuse`, `success`, `throwable`, `instance_id`, `create_time`, `update_time`) VALUES (81, '测试服务', '测试服务-实例01', '/127.0.0.1:65309', 'impl.huangfu.utils.ThreadPoolUtils#getThreadPoolExecutor:19', 'impl.huangfu.utils.ThreadPoolUtils#getThreadPoolExecutor:19-138776324', '测试线程 :9', 1689236903576, 1689236952034, 1689236957040, 5006, 48458, 53464, '0', '1', NULL, 1, 1689236957044, 1689236957044);
INSERT INTO `thread_task_data` (`id`, `server_key`, `instance_key`, `address`, `thread_pool_group_name`, `thread_pool_name`, `thread_name`, `submit_time`, `start_time`, `end_time`, `runIng_consuming_time`, `wait_time`, `consuming_time`, `refuse`, `success`, `throwable`, `instance_id`, `create_time`, `update_time`) VALUES (82, '测试服务', '测试服务-实例01', '/127.0.0.1:65309', 'impl.huangfu.utils.ThreadPoolUtils#getThreadPoolExecutor:19', 'impl.huangfu.utils.ThreadPoolUtils#getThreadPoolExecutor:19-138776324', '测试线程 :2', 1689236903978, 1689236953399, 1689236958402, 5003, 49421, 54424, '0', '1', NULL, 1, 1689236958406, 1689236958406);
INSERT INTO `thread_task_data` (`id`, `server_key`, `instance_key`, `address`, `thread_pool_group_name`, `thread_pool_name`, `thread_name`, `submit_time`, `start_time`, `end_time`, `runIng_consuming_time`, `wait_time`, `consuming_time`, `refuse`, `success`, `throwable`, `instance_id`, `create_time`, `update_time`) VALUES (83, '测试服务', '测试服务-实例01', '/127.0.0.1:65309', 'impl.huangfu.utils.ThreadPoolUtils#getThreadPoolExecutor:19', 'impl.huangfu.utils.ThreadPoolUtils#getThreadPoolExecutor:19-138776324', '测试线程 :3', 1689236904379, 1689236953807, 1689236958810, 5003, 49428, 54431, '0', '1', NULL, 1, 1689236958812, 1689236958812);
INSERT INTO `thread_task_data` (`id`, `server_key`, `instance_key`, `address`, `thread_pool_group_name`, `thread_pool_name`, `thread_name`, `submit_time`, `start_time`, `end_time`, `runIng_consuming_time`, `wait_time`, `consuming_time`, `refuse`, `success`, `throwable`, `instance_id`, `create_time`, `update_time`) VALUES (84, '测试服务', '测试服务-实例01', '/127.0.0.1:65309', 'impl.huangfu.utils.ThreadPoolUtils#getThreadPoolExecutor:19', 'impl.huangfu.utils.ThreadPoolUtils#getThreadPoolExecutor:19-138776324', '测试线程 :4', 1689236904783, 1689236954203, 1689236959204, 5001, 49420, 54421, '0', '1', NULL, 1, 1689236959207, 1689236959207);
INSERT INTO `thread_task_data` (`id`, `server_key`, `instance_key`, `address`, `thread_pool_group_name`, `thread_pool_name`, `thread_name`, `submit_time`, `start_time`, `end_time`, `runIng_consuming_time`, `wait_time`, `consuming_time`, `refuse`, `success`, `throwable`, `instance_id`, `create_time`, `update_time`) VALUES (85, '测试服务', '测试服务-实例01', '/127.0.0.1:65309', 'impl.huangfu.utils.ThreadPoolUtils#getThreadPoolExecutor:19', 'impl.huangfu.utils.ThreadPoolUtils#getThreadPoolExecutor:19-138776324', '测试线程 :5', 1689236905187, 1689236954613, 1689236959615, 5002, 49426, 54428, '0', '1', NULL, 1, 1689236959619, 1689236959619);
INSERT INTO `thread_task_data` (`id`, `server_key`, `instance_key`, `address`, `thread_pool_group_name`, `thread_pool_name`, `thread_name`, `submit_time`, `start_time`, `end_time`, `runIng_consuming_time`, `wait_time`, `consuming_time`, `refuse`, `success`, `throwable`, `instance_id`, `create_time`, `update_time`) VALUES (86, '测试服务', '测试服务-实例01', '/127.0.0.1:65309', 'impl.huangfu.utils.ThreadPoolUtils#getThreadPoolExecutor:19', 'impl.huangfu.utils.ThreadPoolUtils#getThreadPoolExecutor:19-138776324', '测试线程 :0', 1689236905593, 1689236954957, 1689236959961, 5004, 49364, 54368, '0', '1', NULL, 1, 1689236959965, 1689236959965);
INSERT INTO `thread_task_data` (`id`, `server_key`, `instance_key`, `address`, `thread_pool_group_name`, `thread_pool_name`, `thread_name`, `submit_time`, `start_time`, `end_time`, `runIng_consuming_time`, `wait_time`, `consuming_time`, `refuse`, `success`, `throwable`, `instance_id`, `create_time`, `update_time`) VALUES (87, '测试服务', '测试服务-实例01', '/127.0.0.1:65309', 'impl.huangfu.utils.ThreadPoolUtils#getThreadPoolExecutor:19', 'impl.huangfu.utils.ThreadPoolUtils#getThreadPoolExecutor:19-138776324', '测试线程 :1', 1689236905998, 1689236955372, 1689236960378, 5006, 49374, 54380, '0', '1', NULL, 1, 1689236960382, 1689236960382);
INSERT INTO `thread_task_data` (`id`, `server_key`, `instance_key`, `address`, `thread_pool_group_name`, `thread_pool_name`, `thread_name`, `submit_time`, `start_time`, `end_time`, `runIng_consuming_time`, `wait_time`, `consuming_time`, `refuse`, `success`, `throwable`, `instance_id`, `create_time`, `update_time`) VALUES (88, '测试服务', '测试服务-实例01', '/127.0.0.1:65309', 'impl.huangfu.utils.ThreadPoolUtils#getThreadPoolExecutor:19', 'impl.huangfu.utils.ThreadPoolUtils#getThreadPoolExecutor:19-138776324', '测试线程 :6', 1689236906400, 1689236955825, 1689236960831, 5006, 49425, 54431, '0', '1', NULL, 1, 1689236960835, 1689236960835);
INSERT INTO `thread_task_data` (`id`, `server_key`, `instance_key`, `address`, `thread_pool_group_name`, `thread_pool_name`, `thread_name`, `submit_time`, `start_time`, `end_time`, `runIng_consuming_time`, `wait_time`, `consuming_time`, `refuse`, `success`, `throwable`, `instance_id`, `create_time`, `update_time`) VALUES (89, '测试服务', '测试服务-实例01', '/127.0.0.1:65309', 'impl.huangfu.utils.ThreadPoolUtils#getThreadPoolExecutor:19', 'impl.huangfu.utils.ThreadPoolUtils#getThreadPoolExecutor:19-138776324', '测试线程 :7', 1689236906804, 1689236956229, 1689236961230, 5001, 49425, 54426, '0', '1', NULL, 1, 1689236961234, 1689236961234);
INSERT INTO `thread_task_data` (`id`, `server_key`, `instance_key`, `address`, `thread_pool_group_name`, `thread_pool_name`, `thread_name`, `submit_time`, `start_time`, `end_time`, `runIng_consuming_time`, `wait_time`, `consuming_time`, `refuse`, `success`, `throwable`, `instance_id`, `create_time`, `update_time`) VALUES (90, '测试服务', '测试服务-实例01', '/127.0.0.1:65309', 'impl.huangfu.utils.ThreadPoolUtils#getThreadPoolExecutor:19', 'impl.huangfu.utils.ThreadPoolUtils#getThreadPoolExecutor:19-138776324', '测试线程 :8', 1689236907208, 1689236956632, 1689236961637, 5005, 49424, 54429, '0', '1', NULL, 1, 1689236961642, 1689236961642);
INSERT INTO `thread_task_data` (`id`, `server_key`, `instance_key`, `address`, `thread_pool_group_name`, `thread_pool_name`, `thread_name`, `submit_time`, `start_time`, `end_time`, `runIng_consuming_time`, `wait_time`, `consuming_time`, `refuse`, `success`, `throwable`, `instance_id`, `create_time`, `update_time`) VALUES (91, '测试服务', '测试服务-实例01', '/127.0.0.1:65309', 'impl.huangfu.utils.ThreadPoolUtils#getThreadPoolExecutor:19', 'impl.huangfu.utils.ThreadPoolUtils#getThreadPoolExecutor:19-138776324', '测试线程 :9', 1689236907613, 1689236957040, 1689236962045, 5005, 49427, 54432, '0', '1', NULL, 1, 1689236962048, 1689236962048);
INSERT INTO `thread_task_data` (`id`, `server_key`, `instance_key`, `address`, `thread_pool_group_name`, `thread_pool_name`, `thread_name`, `submit_time`, `start_time`, `end_time`, `runIng_consuming_time`, `wait_time`, `consuming_time`, `refuse`, `success`, `throwable`, `instance_id`, `create_time`, `update_time`) VALUES (92, '测试服务', '测试服务-实例01', '/127.0.0.1:65309', 'impl.huangfu.utils.ThreadPoolUtils#getThreadPoolExecutor:19', 'impl.huangfu.utils.ThreadPoolUtils#getThreadPoolExecutor:19-138776324', '测试线程 :2', 1689236908017, 1689236958402, 1689236963405, 5003, 50385, 55388, '0', '1', NULL, 1, 1689236963407, 1689236963407);
INSERT INTO `thread_task_data` (`id`, `server_key`, `instance_key`, `address`, `thread_pool_group_name`, `thread_pool_name`, `thread_name`, `submit_time`, `start_time`, `end_time`, `runIng_consuming_time`, `wait_time`, `consuming_time`, `refuse`, `success`, `throwable`, `instance_id`, `create_time`, `update_time`) VALUES (93, '测试服务', '测试服务-实例01', '/127.0.0.1:65309', 'impl.huangfu.utils.ThreadPoolUtils#getThreadPoolExecutor:19', 'impl.huangfu.utils.ThreadPoolUtils#getThreadPoolExecutor:19-138776324', '测试线程 :3', 1689236908424, 1689236958810, 1689236963811, 5001, 50386, 55387, '0', '1', NULL, 1, 1689236963815, 1689236963815);
INSERT INTO `thread_task_data` (`id`, `server_key`, `instance_key`, `address`, `thread_pool_group_name`, `thread_pool_name`, `thread_name`, `submit_time`, `start_time`, `end_time`, `runIng_consuming_time`, `wait_time`, `consuming_time`, `refuse`, `success`, `throwable`, `instance_id`, `create_time`, `update_time`) VALUES (94, '测试服务', '测试服务-实例01', '/127.0.0.1:65309', 'impl.huangfu.utils.ThreadPoolUtils#getThreadPoolExecutor:19', 'impl.huangfu.utils.ThreadPoolUtils#getThreadPoolExecutor:19-138776324', '测试线程 :4', 1689236908825, 1689236959204, 1689236964205, 5001, 50379, 55380, '0', '1', NULL, 1, 1689236964209, 1689236964209);
INSERT INTO `thread_task_data` (`id`, `server_key`, `instance_key`, `address`, `thread_pool_group_name`, `thread_pool_name`, `thread_name`, `submit_time`, `start_time`, `end_time`, `runIng_consuming_time`, `wait_time`, `consuming_time`, `refuse`, `success`, `throwable`, `instance_id`, `create_time`, `update_time`) VALUES (95, '测试服务', '测试服务-实例01', '/127.0.0.1:65309', 'impl.huangfu.utils.ThreadPoolUtils#getThreadPoolExecutor:19', 'impl.huangfu.utils.ThreadPoolUtils#getThreadPoolExecutor:19-138776324', '测试线程 :5', 1689236909231, 1689236959615, 1689236964620, 5005, 50384, 55389, '0', '1', NULL, 1, 1689236964621, 1689236964621);
INSERT INTO `thread_task_data` (`id`, `server_key`, `instance_key`, `address`, `thread_pool_group_name`, `thread_pool_name`, `thread_name`, `submit_time`, `start_time`, `end_time`, `runIng_consuming_time`, `wait_time`, `consuming_time`, `refuse`, `success`, `throwable`, `instance_id`, `create_time`, `update_time`) VALUES (96, '测试服务', '测试服务-实例01', '/127.0.0.1:65309', 'impl.huangfu.utils.ThreadPoolUtils#getThreadPoolExecutor:19', 'impl.huangfu.utils.ThreadPoolUtils#getThreadPoolExecutor:19-138776324', '测试线程 :0', 1689236909632, 1689236959961, 1689236964964, 5003, 50329, 55332, '0', '1', NULL, 1, 1689236964967, 1689236964967);
INSERT INTO `thread_task_data` (`id`, `server_key`, `instance_key`, `address`, `thread_pool_group_name`, `thread_pool_name`, `thread_name`, `submit_time`, `start_time`, `end_time`, `runIng_consuming_time`, `wait_time`, `consuming_time`, `refuse`, `success`, `throwable`, `instance_id`, `create_time`, `update_time`) VALUES (97, '测试服务', '测试服务-实例01', '/127.0.0.1:65309', 'impl.huangfu.utils.ThreadPoolUtils#getThreadPoolExecutor:19', 'impl.huangfu.utils.ThreadPoolUtils#getThreadPoolExecutor:19-138776324', '测试线程 :1', 1689236910037, 1689236960378, 1689236965381, 5003, 50341, 55344, '0', '1', NULL, 1, 1689236965383, 1689236965383);
INSERT INTO `thread_task_data` (`id`, `server_key`, `instance_key`, `address`, `thread_pool_group_name`, `thread_pool_name`, `thread_name`, `submit_time`, `start_time`, `end_time`, `runIng_consuming_time`, `wait_time`, `consuming_time`, `refuse`, `success`, `throwable`, `instance_id`, `create_time`, `update_time`) VALUES (98, '测试服务', '测试服务-实例01', '/127.0.0.1:65309', 'impl.huangfu.utils.ThreadPoolUtils#getThreadPoolExecutor:19', 'impl.huangfu.utils.ThreadPoolUtils#getThreadPoolExecutor:19-138776324', '测试线程 :6', 1689236910441, 1689236960831, 1689236965834, 5003, 50390, 55393, '0', '1', NULL, 1, 1689236965838, 1689236965838);
INSERT INTO `thread_task_data` (`id`, `server_key`, `instance_key`, `address`, `thread_pool_group_name`, `thread_pool_name`, `thread_name`, `submit_time`, `start_time`, `end_time`, `runIng_consuming_time`, `wait_time`, `consuming_time`, `refuse`, `success`, `throwable`, `instance_id`, `create_time`, `update_time`) VALUES (99, '测试服务', '测试服务-实例01', '/127.0.0.1:65309', 'impl.huangfu.utils.ThreadPoolUtils#getThreadPoolExecutor:19', 'impl.huangfu.utils.ThreadPoolUtils#getThreadPoolExecutor:19-138776324', '测试线程 :7', 1689236910847, 1689236961231, 1689236966235, 5004, 50384, 55388, '0', '1', NULL, 1, 1689236966240, 1689236966240);
INSERT INTO `thread_task_data` (`id`, `server_key`, `instance_key`, `address`, `thread_pool_group_name`, `thread_pool_name`, `thread_name`, `submit_time`, `start_time`, `end_time`, `runIng_consuming_time`, `wait_time`, `consuming_time`, `refuse`, `success`, `throwable`, `instance_id`, `create_time`, `update_time`) VALUES (100, '测试服务', '测试服务-实例01', '/127.0.0.1:65309', 'impl.huangfu.utils.ThreadPoolUtils#getThreadPoolExecutor:19', 'impl.huangfu.utils.ThreadPoolUtils#getThreadPoolExecutor:19-138776324', '测试线程 :8', 1689236911248, 1689236961638, 1689236966643, 5005, 50390, 55395, '0', '1', NULL, 1, 1689236966649, 1689236966649);
INSERT INTO `thread_task_data` (`id`, `server_key`, `instance_key`, `address`, `thread_pool_group_name`, `thread_pool_name`, `thread_name`, `submit_time`, `start_time`, `end_time`, `runIng_consuming_time`, `wait_time`, `consuming_time`, `refuse`, `success`, `throwable`, `instance_id`, `create_time`, `update_time`) VALUES (101, '测试服务', '测试服务-实例01', '/127.0.0.1:65309', 'impl.huangfu.utils.ThreadPoolUtils#getThreadPoolExecutor:19', 'impl.huangfu.utils.ThreadPoolUtils#getThreadPoolExecutor:19-138776324', '测试线程 :9', 1689236911653, 1689236962045, 1689236967048, 5003, 50392, 55395, '0', '1', NULL, 1, 1689236967053, 1689236967053);
INSERT INTO `thread_task_data` (`id`, `server_key`, `instance_key`, `address`, `thread_pool_group_name`, `thread_pool_name`, `thread_name`, `submit_time`, `start_time`, `end_time`, `runIng_consuming_time`, `wait_time`, `consuming_time`, `refuse`, `success`, `throwable`, `instance_id`, `create_time`, `update_time`) VALUES (102, '测试服务', '测试服务-实例01', '/127.0.0.1:65309', 'impl.huangfu.utils.ThreadPoolUtils#getThreadPoolExecutor:19', 'impl.huangfu.utils.ThreadPoolUtils#getThreadPoolExecutor:19-138776324', '测试线程 :2', 1689236912058, 1689236963405, 1689236968411, 5006, 51347, 56353, '0', '1', NULL, 1, 1689236968414, 1689236968414);
INSERT INTO `thread_task_data` (`id`, `server_key`, `instance_key`, `address`, `thread_pool_group_name`, `thread_pool_name`, `thread_name`, `submit_time`, `start_time`, `end_time`, `runIng_consuming_time`, `wait_time`, `consuming_time`, `refuse`, `success`, `throwable`, `instance_id`, `create_time`, `update_time`) VALUES (103, '测试服务', '测试服务-实例01', '/127.0.0.1:65309', 'impl.huangfu.utils.ThreadPoolUtils#getThreadPoolExecutor:19', 'impl.huangfu.utils.ThreadPoolUtils#getThreadPoolExecutor:19-138776324', '测试线程 :3', 1689236912461, 1689236963811, 1689236968817, 5006, 51350, 56356, '0', '1', NULL, 1, 1689236968820, 1689236968820);
INSERT INTO `thread_task_data` (`id`, `server_key`, `instance_key`, `address`, `thread_pool_group_name`, `thread_pool_name`, `thread_name`, `submit_time`, `start_time`, `end_time`, `runIng_consuming_time`, `wait_time`, `consuming_time`, `refuse`, `success`, `throwable`, `instance_id`, `create_time`, `update_time`) VALUES (104, '测试服务', '测试服务-实例01', '/127.0.0.1:65309', 'impl.huangfu.utils.ThreadPoolUtils#getThreadPoolExecutor:19', 'impl.huangfu.utils.ThreadPoolUtils#getThreadPoolExecutor:19-138776324', '测试线程 :4', 1689236912869, 1689236964206, 1689236969211, 5005, 51337, 56342, '0', '1', NULL, 1, 1689236969215, 1689236969215);
INSERT INTO `thread_task_data` (`id`, `server_key`, `instance_key`, `address`, `thread_pool_group_name`, `thread_pool_name`, `thread_name`, `submit_time`, `start_time`, `end_time`, `runIng_consuming_time`, `wait_time`, `consuming_time`, `refuse`, `success`, `throwable`, `instance_id`, `create_time`, `update_time`) VALUES (105, '测试服务', '测试服务-实例01', '/127.0.0.1:65309', 'impl.huangfu.utils.ThreadPoolUtils#getThreadPoolExecutor:19', 'impl.huangfu.utils.ThreadPoolUtils#getThreadPoolExecutor:19-138776324', '测试线程 :5', 1689236913272, 1689236964620, 1689236969626, 5006, 51348, 56354, '0', '1', NULL, 1, 1689236969628, 1689236969628);
INSERT INTO `thread_task_data` (`id`, `server_key`, `instance_key`, `address`, `thread_pool_group_name`, `thread_pool_name`, `thread_name`, `submit_time`, `start_time`, `end_time`, `runIng_consuming_time`, `wait_time`, `consuming_time`, `refuse`, `success`, `throwable`, `instance_id`, `create_time`, `update_time`) VALUES (106, '测试服务', '测试服务-实例01', '/127.0.0.1:65309', 'impl.huangfu.utils.ThreadPoolUtils#getThreadPoolExecutor:19', 'impl.huangfu.utils.ThreadPoolUtils#getThreadPoolExecutor:19-138776324', '测试线程 :0', 1689236913678, 1689236964965, 1689236969968, 5003, 51287, 56290, '0', '1', NULL, 1, 1689236969973, 1689236969973);
INSERT INTO `thread_task_data` (`id`, `server_key`, `instance_key`, `address`, `thread_pool_group_name`, `thread_pool_name`, `thread_name`, `submit_time`, `start_time`, `end_time`, `runIng_consuming_time`, `wait_time`, `consuming_time`, `refuse`, `success`, `throwable`, `instance_id`, `create_time`, `update_time`) VALUES (107, '测试服务', '测试服务-实例01', '/127.0.0.1:65309', 'impl.huangfu.utils.ThreadPoolUtils#getThreadPoolExecutor:19', 'impl.huangfu.utils.ThreadPoolUtils#getThreadPoolExecutor:19-138776324', '测试线程 :1', 1689236914080, 1689236965381, 1689236970387, 5006, 51301, 56307, '0', '1', NULL, 1, 1689236970391, 1689236970391);
INSERT INTO `thread_task_data` (`id`, `server_key`, `instance_key`, `address`, `thread_pool_group_name`, `thread_pool_name`, `thread_name`, `submit_time`, `start_time`, `end_time`, `runIng_consuming_time`, `wait_time`, `consuming_time`, `refuse`, `success`, `throwable`, `instance_id`, `create_time`, `update_time`) VALUES (108, '测试服务', '测试服务-实例01', '/127.0.0.1:65309', 'impl.huangfu.utils.ThreadPoolUtils#getThreadPoolExecutor:19', 'impl.huangfu.utils.ThreadPoolUtils#getThreadPoolExecutor:19-138776324', '测试线程 :6', 1689236914483, 1689236965835, 1689236970838, 5003, 51352, 56355, '0', '1', NULL, 1, 1689236970840, 1689236970840);
INSERT INTO `thread_task_data` (`id`, `server_key`, `instance_key`, `address`, `thread_pool_group_name`, `thread_pool_name`, `thread_name`, `submit_time`, `start_time`, `end_time`, `runIng_consuming_time`, `wait_time`, `consuming_time`, `refuse`, `success`, `throwable`, `instance_id`, `create_time`, `update_time`) VALUES (109, '测试服务', '测试服务-实例01', '/127.0.0.1:65309', 'impl.huangfu.utils.ThreadPoolUtils#getThreadPoolExecutor:19', 'impl.huangfu.utils.ThreadPoolUtils#getThreadPoolExecutor:19-138776324', '测试线程 :7', 1689236914885, 1689236966236, 1689236971242, 5006, 51351, 56357, '0', '1', NULL, 1, 1689236971248, 1689236971248);
INSERT INTO `thread_task_data` (`id`, `server_key`, `instance_key`, `address`, `thread_pool_group_name`, `thread_pool_name`, `thread_name`, `submit_time`, `start_time`, `end_time`, `runIng_consuming_time`, `wait_time`, `consuming_time`, `refuse`, `success`, `throwable`, `instance_id`, `create_time`, `update_time`) VALUES (110, '测试服务', '测试服务-实例01', '/127.0.0.1:65309', 'impl.huangfu.utils.ThreadPoolUtils#getThreadPoolExecutor:19', 'impl.huangfu.utils.ThreadPoolUtils#getThreadPoolExecutor:19-138776324', '测试线程 :8', 1689236915286, 1689236966643, 1689236971647, 5004, 51357, 56361, '0', '1', NULL, 1, 1689236971651, 1689236971651);
INSERT INTO `thread_task_data` (`id`, `server_key`, `instance_key`, `address`, `thread_pool_group_name`, `thread_pool_name`, `thread_name`, `submit_time`, `start_time`, `end_time`, `runIng_consuming_time`, `wait_time`, `consuming_time`, `refuse`, `success`, `throwable`, `instance_id`, `create_time`, `update_time`) VALUES (111, '测试服务', '测试服务-实例01', '/127.0.0.1:65309', 'impl.huangfu.utils.ThreadPoolUtils#getThreadPoolExecutor:19', 'impl.huangfu.utils.ThreadPoolUtils#getThreadPoolExecutor:19-138776324', '测试线程 :9', 1689236915690, 1689236967049, 1689236972054, 5005, 51359, 56364, '0', '1', NULL, 1, 1689236972056, 1689236972056);
INSERT INTO `thread_task_data` (`id`, `server_key`, `instance_key`, `address`, `thread_pool_group_name`, `thread_pool_name`, `thread_name`, `submit_time`, `start_time`, `end_time`, `runIng_consuming_time`, `wait_time`, `consuming_time`, `refuse`, `success`, `throwable`, `instance_id`, `create_time`, `update_time`) VALUES (112, '测试服务', '测试服务-实例01', '/127.0.0.1:65309', 'impl.huangfu.utils.ThreadPoolUtils#getThreadPoolExecutor:19', 'impl.huangfu.utils.ThreadPoolUtils#getThreadPoolExecutor:19-138776324', '测试线程 :2', 1689236916093, 1689236968411, 1689236973414, 5003, 52318, 57321, '0', '1', NULL, 1, 1689236973416, 1689236973416);
INSERT INTO `thread_task_data` (`id`, `server_key`, `instance_key`, `address`, `thread_pool_group_name`, `thread_pool_name`, `thread_name`, `submit_time`, `start_time`, `end_time`, `runIng_consuming_time`, `wait_time`, `consuming_time`, `refuse`, `success`, `throwable`, `instance_id`, `create_time`, `update_time`) VALUES (113, '测试服务', '测试服务-实例01', '/127.0.0.1:65309', 'impl.huangfu.utils.ThreadPoolUtils#getThreadPoolExecutor:19', 'impl.huangfu.utils.ThreadPoolUtils#getThreadPoolExecutor:19-138776324', '测试线程 :3', 1689236916498, 1689236968817, 1689236973822, 5005, 52319, 57324, '0', '1', NULL, 1, 1689236973825, 1689236973825);
INSERT INTO `thread_task_data` (`id`, `server_key`, `instance_key`, `address`, `thread_pool_group_name`, `thread_pool_name`, `thread_name`, `submit_time`, `start_time`, `end_time`, `runIng_consuming_time`, `wait_time`, `consuming_time`, `refuse`, `success`, `throwable`, `instance_id`, `create_time`, `update_time`) VALUES (114, '测试服务', '测试服务-实例01', '/127.0.0.1:65309', 'impl.huangfu.utils.ThreadPoolUtils#getThreadPoolExecutor:19', 'impl.huangfu.utils.ThreadPoolUtils#getThreadPoolExecutor:19-138776324', '测试线程 :4', 1689236916903, 1689236969212, 1689236974214, 5002, 52309, 57311, '0', '1', NULL, 1, 1689236974217, 1689236974217);
INSERT INTO `thread_task_data` (`id`, `server_key`, `instance_key`, `address`, `thread_pool_group_name`, `thread_pool_name`, `thread_name`, `submit_time`, `start_time`, `end_time`, `runIng_consuming_time`, `wait_time`, `consuming_time`, `refuse`, `success`, `throwable`, `instance_id`, `create_time`, `update_time`) VALUES (115, '测试服务', '测试服务-实例01', '/127.0.0.1:65309', 'impl.huangfu.utils.ThreadPoolUtils#getThreadPoolExecutor:19', 'impl.huangfu.utils.ThreadPoolUtils#getThreadPoolExecutor:19-138776324', '测试线程 :5', 1689236917308, 1689236969626, 1689236974630, 5004, 52318, 57322, '0', '1', NULL, 1, 1689236974634, 1689236974634);
INSERT INTO `thread_task_data` (`id`, `server_key`, `instance_key`, `address`, `thread_pool_group_name`, `thread_pool_name`, `thread_name`, `submit_time`, `start_time`, `end_time`, `runIng_consuming_time`, `wait_time`, `consuming_time`, `refuse`, `success`, `throwable`, `instance_id`, `create_time`, `update_time`) VALUES (116, '测试服务', '测试服务-实例01', '/127.0.0.1:65309', 'impl.huangfu.utils.ThreadPoolUtils#getThreadPoolExecutor:19', 'impl.huangfu.utils.ThreadPoolUtils#getThreadPoolExecutor:19-138776324', '测试线程 :0', 1689236917710, 1689236969969, 1689236974974, 5005, 52259, 57264, '0', '1', NULL, 1, 1689236974978, 1689236974978);
INSERT INTO `thread_task_data` (`id`, `server_key`, `instance_key`, `address`, `thread_pool_group_name`, `thread_pool_name`, `thread_name`, `submit_time`, `start_time`, `end_time`, `runIng_consuming_time`, `wait_time`, `consuming_time`, `refuse`, `success`, `throwable`, `instance_id`, `create_time`, `update_time`) VALUES (117, '测试服务', '测试服务-实例01', '/127.0.0.1:65309', 'impl.huangfu.utils.ThreadPoolUtils#getThreadPoolExecutor:19', 'impl.huangfu.utils.ThreadPoolUtils#getThreadPoolExecutor:19-138776324', '测试线程 :1', 1689236918111, 1689236970387, 1689236975393, 5006, 52276, 57282, '0', '1', NULL, 1, 1689236975394, 1689236975394);
INSERT INTO `thread_task_data` (`id`, `server_key`, `instance_key`, `address`, `thread_pool_group_name`, `thread_pool_name`, `thread_name`, `submit_time`, `start_time`, `end_time`, `runIng_consuming_time`, `wait_time`, `consuming_time`, `refuse`, `success`, `throwable`, `instance_id`, `create_time`, `update_time`) VALUES (118, '测试服务', '测试服务-实例01', '/127.0.0.1:65309', 'impl.huangfu.utils.ThreadPoolUtils#getThreadPoolExecutor:19', 'impl.huangfu.utils.ThreadPoolUtils#getThreadPoolExecutor:19-138776324', '测试线程 :6', 1689236918516, 1689236970839, 1689236975843, 5004, 52323, 57327, '0', '1', NULL, 1, 1689236975847, 1689236975847);
INSERT INTO `thread_task_data` (`id`, `server_key`, `instance_key`, `address`, `thread_pool_group_name`, `thread_pool_name`, `thread_name`, `submit_time`, `start_time`, `end_time`, `runIng_consuming_time`, `wait_time`, `consuming_time`, `refuse`, `success`, `throwable`, `instance_id`, `create_time`, `update_time`) VALUES (119, '测试服务', '测试服务-实例01', '/127.0.0.1:65309', 'impl.huangfu.utils.ThreadPoolUtils#getThreadPoolExecutor:19', 'impl.huangfu.utils.ThreadPoolUtils#getThreadPoolExecutor:19-138776324', '测试线程 :7', 1689236918921, 1689236971243, 1689236976246, 5003, 52322, 57325, '0', '1', NULL, 1, 1689236976250, 1689236976250);
INSERT INTO `thread_task_data` (`id`, `server_key`, `instance_key`, `address`, `thread_pool_group_name`, `thread_pool_name`, `thread_name`, `submit_time`, `start_time`, `end_time`, `runIng_consuming_time`, `wait_time`, `consuming_time`, `refuse`, `success`, `throwable`, `instance_id`, `create_time`, `update_time`) VALUES (120, '测试服务', '测试服务-实例01', '/127.0.0.1:65309', 'impl.huangfu.utils.ThreadPoolUtils#getThreadPoolExecutor:19', 'impl.huangfu.utils.ThreadPoolUtils#getThreadPoolExecutor:19-138776324', '测试线程 :8', 1689236919323, 1689236971647, 1689236976652, 5005, 52324, 57329, '0', '1', NULL, 1, 1689236976653, 1689236976653);
INSERT INTO `thread_task_data` (`id`, `server_key`, `instance_key`, `address`, `thread_pool_group_name`, `thread_pool_name`, `thread_name`, `submit_time`, `start_time`, `end_time`, `runIng_consuming_time`, `wait_time`, `consuming_time`, `refuse`, `success`, `throwable`, `instance_id`, `create_time`, `update_time`) VALUES (121, '测试服务', '测试服务-实例01', '/127.0.0.1:65309', 'impl.huangfu.utils.ThreadPoolUtils#getThreadPoolExecutor:19', 'impl.huangfu.utils.ThreadPoolUtils#getThreadPoolExecutor:19-138776324', '测试线程 :9', 1689236919728, 1689236972054, 1689236977059, 5005, 52326, 57331, '0', '1', NULL, 1, 1689236977063, 1689236977063);
INSERT INTO `thread_task_data` (`id`, `server_key`, `instance_key`, `address`, `thread_pool_group_name`, `thread_pool_name`, `thread_name`, `submit_time`, `start_time`, `end_time`, `runIng_consuming_time`, `wait_time`, `consuming_time`, `refuse`, `success`, `throwable`, `instance_id`, `create_time`, `update_time`) VALUES (122, '测试服务', '测试服务-实例01', '/127.0.0.1:65309', 'impl.huangfu.utils.ThreadPoolUtils#getThreadPoolExecutor:19', 'impl.huangfu.utils.ThreadPoolUtils#getThreadPoolExecutor:19-138776324', '测试线程 :2', 1689236920133, 1689236973414, 1689236978420, 5006, 53281, 58287, '0', '1', NULL, 1, 1689236978424, 1689236978424);
INSERT INTO `thread_task_data` (`id`, `server_key`, `instance_key`, `address`, `thread_pool_group_name`, `thread_pool_name`, `thread_name`, `submit_time`, `start_time`, `end_time`, `runIng_consuming_time`, `wait_time`, `consuming_time`, `refuse`, `success`, `throwable`, `instance_id`, `create_time`, `update_time`) VALUES (123, '测试服务', '测试服务-实例01', '/127.0.0.1:65309', 'impl.huangfu.utils.ThreadPoolUtils#getThreadPoolExecutor:19', 'impl.huangfu.utils.ThreadPoolUtils#getThreadPoolExecutor:19-138776324', '测试线程 :3', 1689236920537, 1689236973822, 1689236978826, 5004, 53285, 58289, '0', '1', NULL, 1, 1689236978828, 1689236978828);
INSERT INTO `thread_task_data` (`id`, `server_key`, `instance_key`, `address`, `thread_pool_group_name`, `thread_pool_name`, `thread_name`, `submit_time`, `start_time`, `end_time`, `runIng_consuming_time`, `wait_time`, `consuming_time`, `refuse`, `success`, `throwable`, `instance_id`, `create_time`, `update_time`) VALUES (124, '测试服务', '测试服务-实例01', '/127.0.0.1:65309', 'impl.huangfu.utils.ThreadPoolUtils#getThreadPoolExecutor:19', 'impl.huangfu.utils.ThreadPoolUtils#getThreadPoolExecutor:19-138776324', '测试线程 :4', 1689236920940, 1689236974214, 1689236979217, 5003, 53274, 58277, '0', '1', NULL, 1, 1689236979221, 1689236979221);
INSERT INTO `thread_task_data` (`id`, `server_key`, `instance_key`, `address`, `thread_pool_group_name`, `thread_pool_name`, `thread_name`, `submit_time`, `start_time`, `end_time`, `runIng_consuming_time`, `wait_time`, `consuming_time`, `refuse`, `success`, `throwable`, `instance_id`, `create_time`, `update_time`) VALUES (125, '测试服务', '测试服务-实例01', '/127.0.0.1:65309', 'impl.huangfu.utils.ThreadPoolUtils#getThreadPoolExecutor:19', 'impl.huangfu.utils.ThreadPoolUtils#getThreadPoolExecutor:19-138776324', '测试线程 :5', 1689236921345, 1689236974631, 1689236979633, 5002, 53286, 58288, '0', '1', NULL, 1, 1689236979637, 1689236979637);
INSERT INTO `thread_task_data` (`id`, `server_key`, `instance_key`, `address`, `thread_pool_group_name`, `thread_pool_name`, `thread_name`, `submit_time`, `start_time`, `end_time`, `runIng_consuming_time`, `wait_time`, `consuming_time`, `refuse`, `success`, `throwable`, `instance_id`, `create_time`, `update_time`) VALUES (126, '测试服务', '测试服务-实例01', '/127.0.0.1:65309', 'impl.huangfu.utils.ThreadPoolUtils#getThreadPoolExecutor:19', 'impl.huangfu.utils.ThreadPoolUtils#getThreadPoolExecutor:19-138776324', '测试线程 :0', 1689236921750, 1689236974974, 1689236979980, 5006, 53224, 58230, '0', '1', NULL, 1, 1689236979982, 1689236979982);
INSERT INTO `thread_task_data` (`id`, `server_key`, `instance_key`, `address`, `thread_pool_group_name`, `thread_pool_name`, `thread_name`, `submit_time`, `start_time`, `end_time`, `runIng_consuming_time`, `wait_time`, `consuming_time`, `refuse`, `success`, `throwable`, `instance_id`, `create_time`, `update_time`) VALUES (127, '测试服务', '测试服务-实例01', '/127.0.0.1:65309', 'impl.huangfu.utils.ThreadPoolUtils#getThreadPoolExecutor:19', 'impl.huangfu.utils.ThreadPoolUtils#getThreadPoolExecutor:19-138776324', '测试线程 :1', 1689236922156, 1689236975393, 1689236980398, 5005, 53237, 58242, '0', '1', NULL, 1, 1689236980402, 1689236980402);
INSERT INTO `thread_task_data` (`id`, `server_key`, `instance_key`, `address`, `thread_pool_group_name`, `thread_pool_name`, `thread_name`, `submit_time`, `start_time`, `end_time`, `runIng_consuming_time`, `wait_time`, `consuming_time`, `refuse`, `success`, `throwable`, `instance_id`, `create_time`, `update_time`) VALUES (128, '测试服务', '测试服务-实例01', '/127.0.0.1:65309', 'impl.huangfu.utils.ThreadPoolUtils#getThreadPoolExecutor:19', 'impl.huangfu.utils.ThreadPoolUtils#getThreadPoolExecutor:19-138776324', '测试线程 :6', 1689236922557, 1689236975844, 1689236980849, 5005, 53287, 58292, '0', '1', NULL, 1, 1689236980854, 1689236980854);
INSERT INTO `thread_task_data` (`id`, `server_key`, `instance_key`, `address`, `thread_pool_group_name`, `thread_pool_name`, `thread_name`, `submit_time`, `start_time`, `end_time`, `runIng_consuming_time`, `wait_time`, `consuming_time`, `refuse`, `success`, `throwable`, `instance_id`, `create_time`, `update_time`) VALUES (129, '测试服务', '测试服务-实例01', '/127.0.0.1:65309', 'impl.huangfu.utils.ThreadPoolUtils#getThreadPoolExecutor:19', 'impl.huangfu.utils.ThreadPoolUtils#getThreadPoolExecutor:19-138776324', '测试线程 :7', 1689236922963, 1689236976247, 1689236981249, 5002, 53284, 58286, '0', '1', NULL, 1, 1689236981253, 1689236981253);
INSERT INTO `thread_task_data` (`id`, `server_key`, `instance_key`, `address`, `thread_pool_group_name`, `thread_pool_name`, `thread_name`, `submit_time`, `start_time`, `end_time`, `runIng_consuming_time`, `wait_time`, `consuming_time`, `refuse`, `success`, `throwable`, `instance_id`, `create_time`, `update_time`) VALUES (130, '测试服务', '测试服务-实例01', '/127.0.0.1:65309', 'impl.huangfu.utils.ThreadPoolUtils#getThreadPoolExecutor:19', 'impl.huangfu.utils.ThreadPoolUtils#getThreadPoolExecutor:19-138776324', '测试线程 :8', 1689236924987, 1689236976653, 1689236981658, 5005, 51666, 56671, '0', '1', NULL, 1, 1689236981662, 1689236981662);
INSERT INTO `thread_task_data` (`id`, `server_key`, `instance_key`, `address`, `thread_pool_group_name`, `thread_pool_name`, `thread_name`, `submit_time`, `start_time`, `end_time`, `runIng_consuming_time`, `wait_time`, `consuming_time`, `refuse`, `success`, `throwable`, `instance_id`, `create_time`, `update_time`) VALUES (131, '测试服务', '测试服务-实例01', '/127.0.0.1:65309', 'impl.huangfu.utils.ThreadPoolUtils#getThreadPoolExecutor:19', 'impl.huangfu.utils.ThreadPoolUtils#getThreadPoolExecutor:19-138776324', '测试线程 :9', 1689236925391, 1689236977060, 1689236982065, 5005, 51669, 56674, '0', '1', NULL, 1, 1689236982069, 1689236982069);
COMMIT;

-- ----------------------------
-- Table structure for user
-- ----------------------------
DROP TABLE IF EXISTS `user`;
CREATE TABLE `user` (
                        `id` int(11) NOT NULL AUTO_INCREMENT COMMENT '主键',
                        `user_name` varchar(255) COLLATE utf8mb4_unicode_ci NOT NULL COMMENT '用户名',
                        `password` varchar(255) COLLATE utf8mb4_unicode_ci NOT NULL COMMENT '用户密码',
                        `nick_name` varchar(255) COLLATE utf8mb4_unicode_ci NOT NULL COMMENT '用户昵称',
                        `email` varchar(255) COLLATE utf8mb4_unicode_ci NOT NULL COMMENT '用户邮箱',
                        `state` char(1) COLLATE utf8mb4_unicode_ci NOT NULL DEFAULT '1' COMMENT '0  冻结  1 正常',
                        `create_time` bigint(64) NOT NULL COMMENT '创建时间',
                        `update_time` bigint(64) DEFAULT NULL COMMENT '修改时间',
                        PRIMARY KEY (`id`) USING BTREE,
                        UNIQUE KEY `user_name_index` (`user_name`) USING BTREE COMMENT '用户用户名 唯一索引'
) ENGINE=InnoDB AUTO_INCREMENT=4 DEFAULT CHARSET=utf8mb4 COLLATE=utf8mb4_unicode_ci ROW_FORMAT=DYNAMIC COMMENT='threadx的用户信息';

-- ----------------------------
-- Records of user
-- ----------------------------
BEGIN;
INSERT INTO `user` (`id`, `user_name`, `password`, `nick_name`, `email`, `state`, `create_time`, `update_time`) VALUES (1, 'admin', '$2a$10$BQrmrFvsElKyr/b4j8wkVuxsYAuIdaWzs8UbR2PsTmR9ewveAyKpG', '皇甫科星', 'huangfusuper@163.com', '1', 1685584117047, 1685584117047);
INSERT INTO `user` (`id`, `user_name`, `password`, `nick_name`, `email`, `state`, `create_time`, `update_time`) VALUES (2, 'zanzan', '$2a$10$7adq/2vocU3Bclhonq8mT.DSEZlVU/wTb2uVfeZwEJWHhCI7zo0Wa', '昝', 'zanzan@qq.com', '0', 1685770152606, 1685770152606);
COMMIT;

-- ----------------------------
-- Table structure for user_role
-- ----------------------------
DROP TABLE IF EXISTS `user_role`;
CREATE TABLE `user_role` (
                             `user_id` bigint(64) NOT NULL COMMENT '用户id',
                             `role_id` bigint(64) NOT NULL COMMENT '角色id',
                             PRIMARY KEY (`user_id`,`role_id`)
) ENGINE=InnoDB DEFAULT CHARSET=utf8mb4 COLLATE=utf8mb4_unicode_ci;

-- ----------------------------
-- Records of user_role
-- ----------------------------
BEGIN;
INSERT INTO `user_role` (`user_id`, `role_id`) VALUES (1, 1);
COMMIT;

SET FOREIGN_KEY_CHECKS = 1;
